store_id,product_id,category,region,inventory_level,demand_forecast,price,discount,weather_condition,holiday_promotion,competitor_pricing,seasonality,year,month,day_of_week,target,prediction
2,3,0,3,140.0,33.61,64.98649999999999,15,3,1,64.41600000000001,3,2022,4,0,38,29
2,14,2,2,80.0,16.35,29.485999999999997,25,2,1,32.109,3,2023,4,4,19,13
0,13,0,1,384.8,310.44,31.521499999999996,10,2,1,31.174000000000003,0,2022,11,1,300,305
3,2,2,0,88.80000000000001,91.08,69.1725,5,3,0,66.88,0,2022,10,5,90,81
1,15,3,2,244.0,236.49,19.113,20,0,1,15.719000000000001,0,2022,6,5,238,230
4,3,1,0,108.80000000000001,33.3,39.31849999999999,5,3,1,41.547000000000004,2,2022,11,3,19,29
3,17,1,2,209.60000000000002,212.54,28.048499999999997,20,3,1,26.686000000000003,0,2022,8,2,222,202
0,11,4,3,208.8,251.36,46.459999999999994,15,2,0,48.532000000000004,3,2023,10,3,249,233
4,10,0,2,118.4,136.25,19.2395,20,3,1,22.121000000000002,2,2023,1,6,129,122
1,9,4,1,188.8,119.9,49.035999999999994,5,0,1,50.23700000000001,2,2022,2,0,115,114
0,8,4,3,178.4,56.93,102.70649999999999,10,1,1,95.931,3,2023,6,0,39,52
3,17,3,3,48.800000000000004,60.16,56.648999999999994,15,0,1,51.18300000000001,1,2022,11,3,45,48
2,8,3,0,328.8,98.29,62.893499999999996,20,0,1,55.011,1,2023,7,1,83,93
0,0,3,0,331.20000000000005,318.92,18.940499999999997,5,2,1,20.537000000000003,0,2022,10,4,317,313
2,9,0,1,261.6,307.73,35.765,15,0,0,34.265,1,2023,2,4,295,293
4,4,4,3,347.20000000000005,28.53,54.75149999999999,20,0,1,50.446000000000005,2,2022,10,6,29,23
2,1,1,3,391.20000000000005,211.52,24.9205,20,0,1,23.386000000000003,2,2023,1,4,192,207
2,5,3,1,335.20000000000005,81.77,82.75399999999999,10,1,1,82.06,0,2022,5,2,86,77
4,19,2,0,356.0,220.09,19.849,10,3,1,16.038,0,2022,1,6,214,216
2,19,4,1,151.20000000000002,51.87,31.279999999999998,10,0,0,25.982000000000003,2,2023,12,1,57,46
0,3,1,2,396.0,57.3,100.45249999999999,25,2,1,92.86200000000001,2,2022,6,2,58,53
2,17,4,2,276.0,70.92,62.525499999999994,20,3,1,59.004000000000005,2,2023,7,5,71,65
1,3,4,1,374.40000000000003,312.3,81.64999999999999,5,0,0,75.647,1,2023,9,3,306,308
0,13,0,2,137.6,125.89,39.053999999999995,10,0,1,38.511,0,2023,9,1,124,121
1,1,1,1,40.800000000000004,19.82,36.19049999999999,25,0,1,33.176,3,2022,2,6,28,15
2,5,1,3,163.20000000000002,43.22,39.79,10,0,0,40.326,2,2023,8,6,44,38
1,13,0,3,101.60000000000001,114.09,68.64349999999999,25,0,0,69.34400000000001,2,2022,6,4,115,99
3,18,3,0,165.60000000000002,178.36,35.098,15,3,0,37.994,0,2022,4,1,177,165
3,7,4,0,397.6,24.83,111.79149999999998,15,0,0,107.56900000000002,3,2023,7,3,22,16
4,16,2,1,239.20000000000002,221.71,13.616,20,3,0,8.921,3,2023,4,5,215,215
2,3,0,3,372.0,178.89,42.354499999999994,15,2,1,44.957,2,2022,3,5,187,172
4,17,2,0,302.40000000000003,60.27,106.55899999999998,25,0,0,98.285,2,2023,11,4,50,57
2,10,4,2,244.0,263.59,20.0445,10,1,0,14.146,1,2023,12,1,254,250
0,18,4,2,88.0,14.72,96.24349999999998,20,0,1,92.67500000000001,3,2023,6,4,5,12
2,9,4,3,170.4,40.92,71.967,25,3,0,65.27400000000002,3,2022,11,6,22,35
0,3,0,3,396.0,473.48,82.32849999999999,10,1,1,79.87100000000001,3,2022,8,2,475,453
4,0,4,0,380.8,156.0,24.517999999999997,25,2,1,24.497,3,2022,5,5,156,152
1,10,0,1,120.80000000000001,29.34,98.6585,10,1,0,98.36200000000001,0,2022,4,1,15,24
3,17,4,1,115.2,63.1,29.7275,5,0,0,26.796000000000003,1,2023,3,4,58,58
1,2,3,0,165.60000000000002,161.55,57.959999999999994,10,3,0,53.713,0,2023,9,3,147,153
3,15,0,3,304.0,317.56,64.57249999999999,10,2,0,65.505,3,2023,9,5,305,306
3,11,4,2,148.8,177.03,30.543999999999997,20,3,0,30.855000000000004,3,2023,5,1,184,161
3,19,4,1,253.60000000000002,132.35,48.7025,10,2,1,45.91400000000001,1,2023,10,1,140,128
4,17,1,3,242.4,112.34,58.512,20,2,1,60.159,3,2022,10,1,93,106
2,4,4,2,68.0,70.05,56.06249999999999,5,2,0,54.428000000000004,0,2023,7,3,71,61
4,5,3,0,302.40000000000003,95.45,99.01499999999999,10,2,1,93.54400000000001,2,2023,5,5,92,91
0,12,2,0,264.0,330.09,21.895999999999997,25,1,1,19.833000000000002,1,2022,7,4,323,314
0,5,1,3,40.0,27.77,98.76199999999999,5,1,0,95.183,3,2023,12,5,31,23
1,12,1,1,194.4,177.78,53.48649999999999,5,3,1,52.976,2,2022,12,0,181,172
1,0,3,3,322.40000000000003,350.35,65.872,20,2,1,63.492000000000004,0,2022,9,1,335,335
4,9,3,0,264.8,300.53,52.5665,5,3,1,54.032000000000004,1,2022,3,4,299,285
1,2,2,2,98.4,16.92,73.95649999999999,10,1,1,74.811,3,2023,6,0,26,14
2,0,4,1,369.6,182.76,77.36049999999999,5,1,1,76.263,0,2023,4,4,169,178
1,10,3,3,194.4,47.93,87.56099999999999,5,3,0,85.778,0,2023,3,6,52,42
0,13,4,2,173.60000000000002,57.46,29.9805,5,3,0,24.805000000000003,3,2022,1,1,57,52
3,1,1,1,220.8,130.29,95.40399999999998,20,0,0,90.65100000000001,1,2023,1,3,113,126
2,0,3,2,200.8,250.31,14.984499999999999,5,0,0,9.075000000000001,1,2023,6,5,243,233
0,14,3,0,76.0,42.46,66.76899999999999,10,1,1,58.784,1,2022,9,6,50,37
0,14,4,0,339.20000000000005,340.97,51.451,15,2,1,50.182,1,2022,1,6,342,329
0,3,0,2,286.40000000000003,83.46,75.92299999999999,20,1,0,73.964,1,2022,3,4,66,78
3,9,4,2,83.2,49.57,12.7075,5,2,0,12.199000000000002,0,2023,11,5,43,45
3,6,0,2,368.0,235.44,56.166,20,2,0,51.766000000000005,0,2023,9,1,216,232
2,3,3,3,77.60000000000001,71.65,40.870999999999995,20,3,0,38.61000000000001,2,2022,6,5,70,65
1,9,4,2,211.20000000000002,69.16,42.020999999999994,25,0,0,41.657000000000004,2,2023,6,3,77,65
4,15,3,1,230.4,90.15,82.9725,15,1,1,78.11100000000002,3,2022,4,2,88,84
1,3,4,2,209.60000000000002,254.65,45.5975,25,2,1,42.96600000000001,3,2023,3,2,238,237
3,10,2,2,393.6,38.74,16.6405,5,1,1,19.525000000000002,3,2023,10,6,27,34
4,15,2,1,136.0,105.03,43.952999999999996,5,0,0,46.057,0,2022,1,4,111,99
4,3,4,0,376.8,229.38,38.479,20,0,0,35.189,2,2023,11,3,210,225
0,12,2,1,343.20000000000005,406.31,50.27799999999999,10,1,0,47.641000000000005,3,2023,4,5,398,389
2,6,3,3,56.800000000000004,34.4,53.681999999999995,5,0,1,52.503,2,2023,1,2,43,29
4,18,1,1,384.0,423.6,63.8595,10,1,0,56.71600000000001,3,2022,10,5,414,406
0,3,2,2,360.8,19.88,69.83949999999999,20,0,1,69.87200000000001,3,2023,9,0,4,15
1,19,0,1,322.40000000000003,320.85,34.706999999999994,25,3,0,36.982,3,2023,10,3,316,313
1,13,3,3,180.8,20.05,29.635499999999997,25,3,0,32.923,1,2023,1,5,10,15
0,10,2,0,229.60000000000002,86.54,107.502,15,3,1,97.72400000000002,1,2022,8,1,92,82
1,12,2,2,286.40000000000003,316.49,37.1565,10,0,0,37.675000000000004,2,2023,8,3,314,303
2,17,1,1,177.60000000000002,59.07,28.174999999999997,15,1,0,29.172,3,2023,5,1,58,54
1,19,1,1,245.60000000000002,175.35,51.72699999999999,15,3,1,47.542,1,2022,10,3,162,171
0,13,1,1,176.0,7.38,60.0875,20,2,0,61.74300000000001,2,2022,5,2,15,9
3,15,4,0,63.2,91.23,29.428499999999996,15,2,1,27.665,0,2022,7,4,72,76
1,17,1,0,299.2,183.61,110.446,25,1,1,106.667,3,2023,2,2,174,175
0,19,2,2,333.6,25.66,114.80449999999999,25,3,0,109.67000000000002,1,2022,11,0,8,16
4,18,1,2,121.60000000000001,119.95,87.56099999999999,15,2,0,85.668,2,2022,10,4,129,111
1,14,2,2,343.20000000000005,165.91,50.232,10,3,0,45.804,2,2022,4,1,155,162
4,3,4,1,166.4,161.96,59.19049999999999,5,3,0,54.065000000000005,0,2023,12,5,153,154
2,15,2,3,354.40000000000003,425.68,32.062,10,3,0,34.749,1,2022,11,0,413,409
1,1,4,2,321.6,336.33,93.564,10,0,1,85.327,1,2022,5,4,345,327
1,3,1,0,80.0,56.01,98.5435,5,3,0,95.084,2,2022,6,0,53,49
2,14,2,2,47.2,55.47,93.0005,15,0,0,89.177,0,2023,6,5,38,45
0,3,2,2,169.60000000000002,22.88,95.53049999999999,5,3,0,86.691,1,2022,10,5,26,17
3,7,1,1,127.2,61.02,43.194,15,1,0,42.801,0,2022,5,1,50,57
4,2,1,2,140.0,50.92,93.23049999999998,15,0,0,84.72200000000001,1,2022,4,3,60,45
1,8,4,1,60.0,6.03,25.656499999999998,25,2,1,26.829000000000004,1,2023,6,6,14,9
3,14,1,1,352.0,268.2,70.196,15,0,1,62.7,3,2023,8,3,251,263
3,12,0,0,323.20000000000005,8.82,97.86499999999998,25,1,0,90.409,2,2023,11,2,10,9
1,12,3,0,176.8,198.02,16.2035,15,2,1,10.571,3,2023,5,5,184,184
1,9,2,1,317.6,105.04,44.068,20,3,1,39.00600000000001,0,2023,7,1,93,99
3,16,0,3,132.0,104.91,107.99649999999998,15,0,1,100.14400000000002,0,2023,8,5,85,98
3,12,1,3,83.2,90.52,42.1705,15,0,0,35.684,2,2022,3,5,97,80
1,1,2,3,60.0,62.99,100.234,20,2,0,100.89200000000001,3,2022,9,6,45,51
0,1,4,1,139.20000000000002,132.93,80.89099999999999,10,2,1,74.514,1,2023,1,4,133,125
0,2,3,3,93.60000000000001,8.31,15.467499999999998,20,2,0,15.433,1,2023,1,6,5,9
2,11,3,3,351.20000000000005,33.65,43.573499999999996,25,1,1,42.57000000000001,2,2023,8,2,24,29
0,1,4,2,163.20000000000002,144.04,72.46149999999999,25,3,0,72.776,0,2022,1,5,150,140
1,13,1,0,331.20000000000005,311.98,30.613,20,0,1,31.658000000000005,2,2022,4,1,312,307
3,0,0,1,277.6,356.7,105.60449999999999,20,3,0,103.51,1,2022,2,5,337,340
3,12,3,3,184.0,74.0,39.559999999999995,15,2,0,42.636,0,2022,8,4,55,68
2,18,2,2,74.4,53.77,42.964,20,1,0,40.172000000000004,0,2022,6,6,53,50
1,9,4,2,196.0,237.1,22.77,20,3,0,25.718,2,2022,4,2,233,220
2,2,2,1,381.6,3.93,83.90399999999998,10,0,0,81.796,3,2023,1,3,4,6
2,10,4,2,294.40000000000003,40.45,112.7345,20,0,1,102.70700000000001,3,2022,2,1,47,33
2,6,3,3,252.0,272.03,57.902499999999996,15,3,0,59.400000000000006,1,2023,2,2,262,258
3,2,0,0,119.2,53.64,114.12599999999999,15,1,1,109.18600000000002,2,2023,1,2,62,49
2,2,1,1,193.60000000000002,235.86,31.003999999999998,20,2,1,27.335000000000004,1,2022,3,4,241,220
4,5,4,0,214.4,72.62,87.86,25,1,1,85.62400000000001,1,2022,3,4,75,68
3,14,2,3,236.8,290.91,78.17699999999999,5,0,1,74.558,2,2023,11,2,272,276
2,9,0,0,73.60000000000001,100.25,27.2435,15,1,0,31.482000000000003,3,2023,12,2,86,83
3,2,3,2,267.2,147.78,99.82,25,3,1,94.61100000000002,3,2022,10,1,136,142
4,1,1,3,157.60000000000002,45.62,90.80399999999999,10,2,1,86.08600000000001,0,2022,10,4,36,40
1,17,2,0,209.60000000000002,193.75,19.9525,5,2,0,19.998,0,2023,8,4,175,188
0,17,4,0,88.80000000000001,35.93,38.019,20,3,1,36.168000000000006,2,2023,1,1,45,31
4,13,4,0,192.8,20.68,43.8955,15,1,1,45.023,3,2023,10,0,16,15
0,17,2,2,80.80000000000001,32.97,44.125499999999995,10,1,1,42.405,1,2022,4,6,34,29
2,19,1,1,248.8,50.01,21.574,25,0,0,20.086000000000002,1,2022,5,5,50,45
1,0,4,3,72.8,73.93,32.5335,25,1,0,36.036,0,2023,2,1,56,63
3,16,1,3,198.4,138.95,23.9775,20,1,1,22.902,1,2022,2,2,145,134
3,1,4,0,211.20000000000002,105.97,108.8475,5,3,0,107.10700000000001,0,2022,11,0,107,97
1,8,4,2,56.0,51.38,68.6665,10,3,0,60.69800000000001,1,2023,2,3,33,43
2,12,3,1,152.0,178.25,12.719,15,2,1,12.991000000000001,3,2023,3,4,176,163
0,10,0,0,309.6,172.59,35.19,5,1,1,38.324000000000005,0,2022,9,6,172,167
4,16,4,1,228.0,243.44,108.50249999999998,5,1,0,104.126,3,2022,9,6,228,229
2,13,2,2,150.4,29.09,107.088,15,3,0,101.39800000000001,0,2023,3,2,30,20
3,15,3,2,108.0,64.6,69.46,5,2,0,63.184000000000005,0,2022,5,2,67,60
3,18,0,1,382.40000000000003,219.92,61.168499999999995,20,1,1,56.331,0,2022,5,3,229,216
4,9,1,1,141.6,29.96,45.2065,10,1,1,43.648,3,2023,12,4,22,25
3,12,1,1,186.4,130.02,53.256499999999996,10,0,1,45.848000000000006,3,2023,8,4,113,124
3,5,3,0,143.20000000000002,149.88,35.0865,15,1,0,33.957,1,2022,4,2,142,139
0,1,0,1,213.60000000000002,114.48,67.3325,5,0,0,59.642,0,2023,5,0,123,109
1,13,3,2,308.8,193.16,48.437999999999995,25,1,1,51.01800000000001,3,2022,3,0,198,188
1,18,3,2,370.40000000000003,224.44,98.34799999999998,20,1,1,95.535,1,2022,8,6,212,220
1,7,0,1,260.0,182.55,114.333,25,0,0,111.30900000000001,0,2023,4,2,183,175
3,0,3,0,52.800000000000004,65.04,12.328,20,3,0,15.741000000000001,3,2023,7,6,62,51
3,8,4,3,274.40000000000003,194.77,26.737499999999997,5,1,1,27.434000000000005,3,2023,10,5,179,189
3,2,3,0,83.2,85.85,105.02949999999998,25,0,1,104.808,1,2022,12,0,95,74
3,0,0,3,368.0,37.96,70.0925,10,0,1,64.614,0,2023,2,0,18,33
3,10,2,1,293.6,39.82,76.57849999999999,20,1,1,75.06400000000001,3,2023,2,3,20,34
1,15,1,1,228.0,262.05,73.922,20,3,0,68.86000000000001,2,2022,5,0,244,247
2,2,2,2,283.2,208.08,91.48249999999999,5,3,0,82.401,3,2023,5,5,207,203
1,0,0,1,176.8,228.81,21.263499999999997,20,0,0,21.208000000000002,0,2022,4,2,220,212
1,7,0,1,225.60000000000002,72.8,108.24949999999998,10,0,0,100.452,1,2022,2,3,74,69
4,16,4,1,335.20000000000005,7.47,44.82699999999999,20,2,1,43.109,0,2023,7,3,1,9
1,15,4,1,264.8,138.07,65.25099999999999,15,3,0,65.68100000000001,1,2022,5,5,132,133
2,2,1,3,63.2,19.85,92.65549999999999,15,3,0,84.546,1,2023,11,3,3,15
3,5,0,1,89.60000000000001,102.82,114.057,10,0,0,114.38900000000001,1,2023,10,2,87,87
0,16,0,0,59.2,66.32,31.693999999999996,10,1,0,26.917,3,2022,12,3,53,54
2,3,0,0,387.20000000000005,147.15,26.185499999999998,10,3,0,26.400000000000002,0,2023,9,5,150,142
4,12,4,2,183.20000000000002,37.64,103.40799999999999,10,1,0,93.489,2,2023,5,4,23,30
0,5,4,2,311.20000000000005,380.34,23.6555,5,3,0,18.029000000000003,2,2023,6,4,385,364
1,16,3,0,56.0,46.05,104.77649999999998,15,0,0,104.863,0,2023,4,1,48,37
1,8,2,1,364.8,407.3,27.277999999999995,10,3,0,28.160000000000004,1,2022,8,2,412,393
2,14,0,1,147.20000000000002,17.24,52.163999999999994,25,0,0,49.665,2,2023,2,1,3,13
2,3,0,2,339.20000000000005,168.52,113.30949999999999,10,2,0,102.96000000000001,3,2022,9,1,176,163
4,8,4,3,389.6,344.07,97.14049999999999,25,3,1,91.46500000000002,0,2022,4,3,330,340
3,16,3,0,381.6,184.79,77.717,10,1,0,75.658,1,2022,4,1,180,181
2,2,0,0,91.2,82.73,15.041999999999998,10,3,1,14.047,3,2022,10,3,87,77
1,11,1,1,125.60000000000001,154.12,78.1655,5,3,0,76.054,1,2023,8,4,151,138
3,13,3,2,179.20000000000002,195.75,45.4595,20,1,0,47.025000000000006,2,2023,5,4,204,183
3,9,4,2,130.4,53.94,88.67649999999999,15,2,1,88.902,3,2023,5,1,34,50
4,10,4,2,119.2,32.83,45.172,5,0,1,47.729000000000006,2,2022,3,0,13,28
2,3,2,2,293.6,293.77,19.964,25,1,1,20.416,3,2023,9,6,303,285
4,5,4,3,88.0,41.03,64.06649999999999,10,2,1,58.905,0,2022,8,6,23,36
4,1,4,1,303.2,144.6,63.9285,25,3,0,63.92100000000001,2,2022,5,5,134,140
1,0,3,1,266.40000000000003,232.92,29.635499999999997,15,1,1,23.782000000000004,0,2022,7,2,215,228
3,2,2,1,88.80000000000001,59.52,38.86999999999999,25,3,0,40.051,0,2023,8,3,60,56
0,6,4,3,86.4,33.75,89.44699999999999,15,1,1,88.84700000000001,1,2022,10,6,36,30
1,19,0,3,301.6,49.17,91.402,5,3,0,90.266,1,2022,7,3,31,45
1,0,3,1,388.8,293.36,82.524,5,3,1,76.835,3,2023,2,4,289,289
2,8,4,0,152.0,25.88,101.99349999999998,25,0,1,92.70800000000001,0,2022,12,3,30,21
1,19,4,0,251.20000000000002,182.25,103.21249999999999,10,1,0,96.00800000000001,0,2022,1,5,188,176
0,16,4,2,240.8,174.2,92.39099999999999,25,0,0,91.355,1,2023,10,6,177,169
3,14,4,2,294.40000000000003,226.92,54.096,15,2,1,48.763000000000005,3,2022,10,5,231,221
3,3,3,2,63.2,70.59,48.943999999999996,20,0,1,49.929,3,2022,4,1,59,58
0,7,4,1,225.60000000000002,233.23,101.18849999999999,15,2,0,93.65400000000001,1,2022,3,6,232,220
3,19,1,0,266.40000000000003,27.94,37.4555,5,1,1,37.763,1,2022,11,0,33,24
2,2,1,3,255.20000000000002,90.96,14.409499999999998,25,1,0,12.859,1,2023,6,4,82,85
1,5,4,1,343.20000000000005,65.93,44.2865,25,0,0,39.31400000000001,2,2022,1,4,68,61
4,6,1,1,248.0,189.61,45.2065,15,0,0,46.31,1,2023,2,4,174,185
2,14,0,1,399.20000000000005,428.11,32.199999999999996,5,2,1,29.722,1,2023,3,2,438,415
2,14,0,1,80.0,21.07,14.742999999999999,20,2,0,14.102000000000002,1,2023,10,6,25,16
1,0,3,3,336.0,329.72,22.977,15,0,0,16.61,1,2022,11,5,324,322
0,7,2,2,240.8,173.9,113.2175,25,1,1,106.64500000000001,3,2022,3,0,181,166
4,1,2,0,377.6,343.8,39.15749999999999,25,3,0,33.253,2,2023,4,2,336,338
4,7,3,0,232.0,145.0,72.197,10,1,1,70.32300000000001,1,2023,10,5,142,140
4,18,0,3,329.6,125.37,88.33149999999999,20,3,0,83.76500000000001,1,2023,9,4,122,120
4,18,4,1,396.0,176.67,27.7035,20,2,0,27.654000000000003,3,2023,2,1,180,170
3,7,4,0,266.40000000000003,32.09,103.9255,20,3,1,95.172,0,2022,3,3,13,26
0,11,1,3,68.0,30.67,83.74299999999998,15,1,1,79.36500000000001,1,2023,11,0,11,26
0,17,0,3,150.4,184.72,23.666999999999994,15,0,1,27.808000000000003,1,2022,8,6,167,170
0,16,2,0,197.60000000000002,134.45,25.943999999999996,15,3,0,29.304000000000002,0,2023,10,0,130,130
2,4,3,1,180.8,129.55,22.7125,5,0,0,17.479000000000003,1,2023,9,1,119,124
3,4,0,0,317.6,133.76,104.627,5,1,1,104.51100000000001,3,2022,6,0,134,128
4,15,0,3,73.60000000000001,23.22,51.63499999999999,10,2,1,45.276,0,2023,1,6,13,18
1,3,0,3,246.4,193.23,14.478499999999999,5,0,0,10.824,3,2022,5,6,199,188
4,12,3,1,379.20000000000005,207.66,62.352999999999994,10,2,0,58.938,2,2023,2,1,195,203
0,12,4,0,352.8,119.8,30.911999999999995,25,1,1,26.356,3,2022,2,1,103,114
4,8,3,2,332.0,204.05,95.6455,20,1,0,95.34800000000001,2,2022,2,6,208,200
3,17,3,0,219.20000000000002,137.43,108.91649999999998,25,0,1,103.46600000000001,0,2023,1,4,128,132
4,5,3,2,116.0,136.13,17.1925,10,0,1,14.663000000000002,2,2023,10,1,119,121
4,2,2,0,330.40000000000003,314.65,108.767,5,0,1,101.09000000000002,2,2023,10,2,321,309
2,16,3,3,339.20000000000005,195.87,48.092999999999996,5,2,1,42.317,0,2022,8,2,185,191
1,8,0,3,222.4,114.87,21.2865,10,0,0,23.232000000000003,2,2023,4,6,123,109
3,3,2,2,380.0,404.85,52.141,5,3,1,52.338,2,2022,9,0,414,391
4,18,1,3,190.4,113.07,42.515499999999996,25,3,1,37.257,3,2022,5,0,106,108
3,1,1,1,244.0,69.6,102.06249999999999,5,0,1,93.06,0,2023,1,1,50,66
3,18,3,3,132.8,144.18,62.33,15,2,0,60.346000000000004,1,2023,6,6,136,131
2,4,0,3,227.20000000000002,242.79,37.018499999999996,15,0,1,32.527,3,2023,11,2,249,228
1,5,2,2,46.400000000000006,37.42,16.617499999999996,5,0,1,14.586,2,2023,11,2,37,33
1,2,0,1,188.0,51.06,17.859499999999997,20,3,0,20.108000000000004,1,2022,3,1,59,45
3,6,2,0,117.60000000000001,110.42,41.077999999999996,25,3,1,41.008,1,2022,1,1,107,102
2,12,2,1,48.800000000000004,45.78,68.9885,20,0,0,69.927,0,2022,5,5,33,39
4,3,3,0,244.8,217.29,76.37149999999998,25,3,0,71.81900000000002,0,2022,2,1,210,213
1,4,3,2,214.4,32.93,34.361999999999995,25,1,1,28.105000000000004,2,2023,11,2,13,28
2,1,3,1,134.4,20.85,98.7505,15,2,0,99.506,1,2022,8,6,3,16
4,5,0,1,139.20000000000002,117.33,62.36449999999999,25,0,1,59.884,3,2022,4,0,123,112
2,15,2,3,118.4,4.31,48.138999999999996,15,2,1,51.535000000000004,0,2023,10,4,1,7
1,0,2,3,232.0,190.45,91.3445,20,2,0,84.88700000000001,1,2023,11,4,189,186
0,18,3,1,48.800000000000004,15.15,44.7925,25,2,0,44.286,2,2023,11,5,18,13
1,10,3,0,104.80000000000001,59.47,90.7005,15,2,0,84.46900000000001,1,2022,8,4,40,56
2,11,0,1,240.8,192.13,99.11849999999998,25,2,0,99.077,0,2022,11,3,198,188
2,7,1,3,285.6,184.26,84.663,25,1,1,79.002,2,2022,3,5,176,181
4,2,2,0,346.40000000000003,277.01,61.2375,25,3,0,63.965,0,2022,7,4,258,271
2,5,2,3,279.2,182.29,93.67899999999999,10,3,1,92.037,3,2023,7,4,181,177
1,19,3,3,380.0,314.95,20.838,20,2,0,19.646,3,2022,4,0,318,310
1,1,0,2,100.80000000000001,103.55,75.2445,5,2,0,72.34700000000001,0,2023,11,3,97,93
3,6,4,0,228.8,266.37,67.52799999999999,15,2,1,63.03,0,2023,1,2,248,250
4,13,4,3,381.6,338.66,67.6775,20,3,0,64.44900000000001,0,2022,3,3,338,335
0,0,3,1,281.6,73.13,81.3395,10,0,0,83.18200000000002,2,2022,10,6,70,68
1,3,3,0,364.0,135.06,64.7565,20,3,0,65.494,3,2023,12,0,122,130
4,17,1,2,283.2,144.94,92.08049999999999,20,0,0,87.34000000000002,1,2022,4,5,131,140
3,11,3,0,332.8,102.88,13.362999999999998,15,3,0,8.778,2,2022,5,0,109,99
4,14,3,2,46.400000000000006,39.28,104.0405,15,2,0,100.034,2,2022,9,5,38,30
4,17,2,1,124.80000000000001,21.4,87.469,20,1,0,88.99000000000001,1,2022,9,6,10,16
3,18,3,3,269.6,307.0,54.015499999999996,25,2,0,52.11800000000001,3,2023,12,2,296,293
1,5,3,2,336.8,15.41,42.814499999999995,25,1,0,36.87200000000001,3,2023,8,0,14,13
1,5,1,0,265.6,276.33,67.11399999999999,25,0,1,67.683,2,2023,7,2,283,265
1,17,3,1,204.0,239.15,35.443,25,3,1,39.14900000000001,2,2022,5,2,224,222
2,6,1,1,151.20000000000002,26.91,100.03849999999998,20,1,1,99.55000000000001,2,2022,1,5,34,20
4,6,2,2,203.20000000000002,73.8,88.458,10,2,0,88.61600000000001,2,2023,6,3,83,68
4,14,2,2,296.0,374.15,24.311,5,3,1,28.556000000000004,3,2023,11,4,363,356
1,0,0,1,206.4,153.5,75.2445,15,2,0,73.94200000000001,0,2023,2,5,141,149
2,13,2,2,368.0,101.33,42.803,10,3,0,44.33,3,2023,2,5,101,95
4,1,3,2,125.60000000000001,40.24,46.540499999999994,5,2,1,46.244,0,2022,8,3,24,35
1,17,2,0,282.40000000000003,286.26,49.921499999999995,15,1,1,43.857,1,2022,6,0,277,274
3,7,0,3,58.400000000000006,51.13,14.9155,25,2,1,14.674000000000001,3,2022,8,0,58,44
2,4,4,1,121.60000000000001,107.57,67.6545,10,3,1,62.502,1,2023,2,4,110,102
2,3,2,3,112.0,126.65,23.1955,5,3,1,18.689,2,2023,9,4,130,112
3,17,0,2,316.8,139.71,62.905,10,2,0,62.293000000000006,2,2023,8,5,123,135
1,15,2,3,264.0,42.13,112.8725,25,3,0,107.22800000000001,3,2022,12,4,40,36
3,6,2,1,395.20000000000005,188.95,20.7115,25,3,1,17.787000000000003,3,2022,7,6,195,185
0,11,1,2,108.0,15.88,77.36049999999999,15,0,1,73.86500000000001,2,2022,12,3,14,13
3,11,2,0,77.60000000000001,24.54,76.01499999999999,5,3,1,72.556,1,2023,9,4,31,20
4,8,3,3,91.2,46.91,83.17949999999999,5,2,1,82.35700000000001,3,2022,10,6,38,43
4,11,4,1,109.60000000000001,40.56,18.607,5,3,0,23.122,1,2023,12,2,45,36
4,4,1,1,264.8,157.87,13.420499999999999,20,2,1,10.681000000000001,2,2022,6,0,144,152
3,2,1,1,104.0,30.64,79.1315,15,0,0,74.426,2,2022,9,1,17,26
1,14,4,3,395.20000000000005,367.32,63.962999999999994,20,1,1,64.73500000000001,1,2022,8,2,370,363
2,14,3,2,245.60000000000002,41.01,47.839999999999996,25,1,0,50.028,2,2023,8,4,26,35
1,6,1,1,170.4,61.47,40.652499999999996,10,0,0,35.486000000000004,0,2023,2,5,65,56
0,13,0,3,331.20000000000005,312.65,54.9355,15,2,1,54.813,0,2022,12,6,313,307
2,14,2,1,169.60000000000002,57.31,33.5685,15,0,0,36.047000000000004,2,2023,2,4,46,53
4,13,3,3,263.2,182.65,34.546,25,3,1,34.870000000000005,3,2023,4,5,188,177
0,13,1,3,364.0,295.56,39.6635,15,2,0,32.505,3,2022,10,5,298,290
2,1,2,2,177.60000000000002,215.52,106.582,15,3,1,97.68,3,2022,9,5,221,200
1,9,1,3,368.0,424.88,64.676,10,1,0,65.186,3,2023,11,5,427,409
3,14,1,2,138.4,59.76,60.995999999999995,25,1,0,59.477000000000004,0,2022,2,3,56,55
4,17,3,1,144.0,132.87,29.083499999999997,20,2,0,25.102000000000004,2,2022,10,0,132,126
0,0,3,1,80.0,73.92,87.1125,20,3,1,84.97500000000001,2,2022,3,0,58,66
1,17,2,3,204.8,8.58,36.846,5,1,0,36.487,3,2023,2,5,1,9
0,18,4,0,312.0,325.3,111.8145,25,3,1,110.70400000000001,2,2023,5,2,327,313
2,12,0,1,292.0,10.53,24.9435,15,0,0,24.332000000000004,3,2023,2,6,17,10
2,7,3,1,156.8,149.1,101.821,20,3,1,98.043,0,2023,2,1,156,140
2,11,0,0,43.2,29.48,81.41999999999999,10,2,0,73.502,2,2022,3,5,18,25
3,2,3,2,385.6,357.89,12.212999999999997,20,3,1,8.437000000000001,3,2023,10,3,357,352
2,5,3,3,131.20000000000002,45.96,77.86649999999999,20,3,1,69.45400000000001,2,2023,3,4,32,40
4,5,3,0,356.8,297.19,86.81349999999999,10,2,1,82.313,1,2022,5,2,305,293
4,4,1,0,379.20000000000005,117.02,104.0175,5,1,1,102.652,2,2023,8,4,122,111
1,1,0,3,368.0,351.64,86.3535,25,1,0,80.88300000000001,3,2023,6,0,360,346
2,8,2,2,391.20000000000005,415.82,42.216499999999996,20,1,0,37.66400000000001,0,2022,5,2,409,403
3,0,2,2,277.6,302.86,32.1425,20,1,1,30.448,1,2022,2,2,311,289
4,15,1,3,183.20000000000002,14.42,80.6035,15,1,0,74.217,3,2022,9,4,3,12
1,17,0,0,190.4,198.39,78.26899999999999,10,2,1,70.752,2,2022,8,0,201,186
2,2,2,1,92.80000000000001,59.21,18.5035,15,2,1,19.624000000000002,3,2023,11,6,51,55
0,18,0,0,143.20000000000002,164.96,112.59649999999999,25,0,0,105.226,1,2022,5,5,162,148
1,4,2,1,158.4,27.62,51.025499999999994,25,1,0,52.525000000000006,0,2022,8,0,13,23
2,12,0,0,195.20000000000002,154.25,18.296499999999998,20,2,1,18.546,0,2023,2,1,144,149
3,2,4,1,136.0,139.45,75.9115,10,1,0,77.97900000000001,2,2022,5,6,139,129
2,1,2,2,240.0,59.49,36.0295,20,2,0,29.117,3,2022,4,1,64,55
2,18,3,3,256.0,246.08,22.378999999999998,10,2,1,21.307000000000002,1,2022,3,0,249,238
0,1,2,2,70.4,59.8,46.05749999999999,25,3,0,44.34100000000001,0,2022,3,2,58,55
1,16,2,2,245.60000000000002,43.25,78.93599999999999,20,2,0,72.21500000000002,3,2023,1,6,41,37
2,6,3,0,158.4,198.73,84.3295,5,1,0,75.46,2,2023,12,0,195,184
3,2,2,3,120.80000000000001,68.27,43.6885,5,1,0,43.175000000000004,2,2023,12,3,63,64
0,15,1,2,92.0,63.79,104.30499999999999,15,3,0,95.19400000000002,0,2023,12,4,73,58
0,7,3,3,40.0,33.99,95.15099999999998,25,2,0,93.852,1,2023,12,2,29,30
0,9,4,0,385.6,209.26,56.44199999999999,25,0,1,53.339000000000006,0,2023,1,1,207,204
3,7,1,1,127.2,61.02,43.194,15,1,0,42.801,0,2022,5,1,50,57
2,1,0,0,329.6,161.43,80.247,10,2,1,80.52000000000001,1,2023,9,1,142,156
4,3,1,0,354.40000000000003,272.31,41.446,10,0,0,42.031000000000006,1,2022,7,6,257,268
4,11,2,3,175.20000000000002,134.08,16.042499999999997,20,1,0,15.422,1,2022,4,2,123,128
3,17,3,0,76.80000000000001,64.11,65.49249999999999,10,1,1,57.739000000000004,1,2022,12,4,62,60
0,2,0,0,43.2,50.74,55.9245,5,0,1,56.51800000000001,0,2022,12,6,53,42
3,18,3,3,294.40000000000003,315.81,68.37899999999999,15,3,1,63.28300000000001,1,2023,1,5,310,303
3,7,2,1,396.0,224.27,49.576499999999996,5,0,0,51.293000000000006,3,2023,6,1,208,220
4,7,0,2,192.8,149.65,102.6835,25,2,0,96.59100000000001,0,2022,7,2,154,144
0,8,4,1,203.20000000000002,37.19,13.040999999999999,20,3,1,9.394,2,2023,8,6,19,32
3,1,3,2,220.0,145.17,25.5875,5,2,0,28.248,0,2023,11,1,126,140
4,8,4,1,200.8,79.07,49.312,10,2,0,47.806000000000004,1,2022,7,6,88,74
2,3,1,1,353.6,260.59,21.505,20,2,0,20.768,0,2022,12,5,255,256
4,5,3,1,41.6,29.51,50.071,15,2,0,45.386,0,2023,5,6,30,25
2,7,2,1,72.0,26.78,78.79799999999999,15,1,1,72.09400000000001,0,2023,10,0,12,22
0,3,2,1,128.0,121.17,66.84949999999999,10,3,1,63.51400000000001,0,2022,6,1,105,114
0,3,2,2,91.2,123.28,28.197999999999997,10,2,0,29.678000000000004,2,2022,9,2,113,109
0,6,1,3,337.6,224.83,77.77449999999999,25,2,0,73.513,3,2023,11,1,219,220
3,2,1,0,78.4,87.72,19.182,25,1,1,14.047,3,2022,6,3,69,74
2,11,0,2,159.20000000000002,94.26,84.939,10,3,1,78.276,2,2022,12,4,89,89
1,19,0,2,205.60000000000002,85.64,88.527,20,2,0,85.712,2,2023,3,4,69,80
3,0,2,0,52.800000000000004,-1.47,107.0535,25,3,1,100.84800000000001,0,2023,7,3,4,3
0,11,3,3,228.8,128.55,84.8815,20,1,1,86.625,2,2023,1,2,114,123
3,5,2,1,178.4,133.94,96.899,5,1,0,90.596,0,2022,2,2,133,129
2,4,2,0,108.0,131.12,113.27499999999999,10,2,0,107.41500000000002,1,2022,5,0,134,115
4,17,3,0,364.8,455.02,114.88499999999999,10,2,1,112.552,0,2023,1,0,451,438
3,13,3,3,342.40000000000003,152.49,36.9725,25,2,1,36.05800000000001,3,2023,1,1,149,148
4,10,4,2,162.4,149.14,91.908,5,3,0,87.846,1,2022,12,1,152,143
4,13,1,2,234.4,162.77,15.651499999999999,5,2,1,16.467000000000002,1,2022,6,3,166,158
0,5,4,3,307.20000000000005,40.51,64.48049999999999,15,3,0,65.14200000000001,0,2023,12,6,21,35
1,5,4,3,98.4,19.42,93.66749999999999,5,3,1,88.12100000000001,1,2023,3,4,9,15
3,2,1,0,41.6,61.05,87.91749999999999,25,1,1,84.34800000000001,3,2022,10,5,44,48
1,10,3,3,352.0,442.44,72.86399999999999,20,0,0,72.01700000000001,0,2022,5,5,425,426
3,4,0,3,160.8,32.55,23.126499999999997,10,0,0,18.997,1,2022,8,3,15,28
3,15,4,2,361.6,394.2,16.6635,20,3,0,20.944,0,2022,9,4,403,381
3,7,1,2,341.6,305.83,27.852999999999998,20,2,0,29.557000000000002,0,2022,7,6,307,301
1,0,4,0,226.4,158.74,48.622,25,1,0,47.113,1,2022,4,3,151,154
4,13,4,2,396.8,133.41,61.65149999999999,5,1,1,56.44100000000001,0,2022,4,1,139,128
2,3,0,2,240.0,104.67,12.19,25,0,1,6.303000000000001,0,2022,7,4,88,97
4,9,4,1,276.0,112.55,46.37949999999999,20,0,1,39.391000000000005,2,2022,3,2,108,107
2,0,0,3,290.40000000000003,237.01,38.5365,15,2,1,37.367000000000004,0,2023,11,4,220,231
3,15,0,2,132.8,153.3,109.46849999999999,5,1,0,109.681,3,2022,6,1,153,137
1,12,3,2,73.60000000000001,69.53,108.583,10,3,0,100.69400000000002,0,2022,11,1,60,62
3,9,2,1,304.8,152.95,101.246,15,0,1,94.259,2,2022,11,5,133,148
1,14,4,3,176.0,80.65,87.8255,20,1,0,87.61500000000001,3,2023,3,5,85,75
3,11,3,1,295.2,228.29,35.558,20,0,0,31.548000000000002,3,2023,7,1,212,224
0,3,1,0,256.8,306.42,20.447,10,3,0,19.261000000000003,1,2022,11,3,313,293
4,10,0,2,369.6,397.9,107.97349999999999,25,3,0,101.22200000000001,1,2022,4,5,405,384
4,8,3,3,368.0,380.95,18.6645,10,3,0,14.729000000000001,0,2022,9,2,382,368
3,0,3,0,281.6,114.94,110.67599999999999,10,1,0,104.643,2,2022,10,6,118,110
3,4,2,3,152.0,143.0,22.54,15,2,1,16.269000000000002,1,2023,5,3,142,135
0,8,3,2,194.4,216.65,111.021,15,0,1,101.61800000000001,1,2023,3,1,203,201
3,1,4,3,136.8,29.98,14.420999999999998,15,2,1,15.103000000000002,3,2022,5,2,38,26
1,2,2,2,336.0,185.43,71.16199999999999,10,2,1,65.461,0,2022,10,6,175,181
2,9,0,2,168.8,22.93,54.900999999999996,25,1,0,51.568000000000005,1,2023,9,3,14,17
2,1,3,1,196.8,130.96,110.67599999999999,20,1,1,104.863,3,2022,6,4,138,124
3,11,4,2,129.6,116.64,42.9065,20,0,1,44.57200000000001,3,2023,2,4,98,112
2,11,3,2,270.40000000000003,152.28,72.312,5,1,0,73.07300000000001,1,2022,9,1,136,148
0,1,3,0,103.2,25.29,61.93899999999999,15,1,0,59.752,3,2023,9,0,18,21
1,3,1,1,368.8,412.5,18.1815,5,1,1,20.944,3,2022,8,6,414,396
1,6,3,1,379.20000000000005,210.26,83.60499999999999,25,0,0,79.79400000000001,1,2022,7,2,210,204
3,13,2,0,80.80000000000001,12.65,70.104,25,1,0,71.94000000000001,0,2022,4,4,12,12
0,12,3,0,50.400000000000006,78.4,84.4445,15,1,1,80.56400000000001,1,2022,12,4,61,62
1,15,2,3,116.80000000000001,-2.75,70.5295,25,0,0,64.801,3,2022,10,2,0,4
2,3,0,2,100.80000000000001,94.23,76.4175,10,0,0,67.837,1,2023,7,5,80,86
3,16,4,1,328.0,133.83,84.3985,25,2,1,85.888,2,2023,4,5,140,129
0,10,2,0,63.2,4.05,99.69349999999999,25,3,1,90.266,3,2022,2,1,7,6
2,19,0,1,248.8,241.03,87.0205,15,0,1,87.50500000000001,1,2022,4,4,231,234
0,3,0,0,230.4,289.52,113.27499999999999,10,3,0,110.352,2,2023,5,2,279,279
3,4,2,2,54.400000000000006,51.01,54.418,25,0,1,54.659,3,2023,7,1,38,43
0,1,4,2,257.6,232.7,94.10449999999999,20,1,1,86.757,3,2022,4,5,228,228
3,11,1,0,172.8,59.38,104.0405,15,2,0,102.86100000000002,2,2022,6,5,44,54
4,1,3,1,110.4,140.32,44.367,25,0,0,46.827000000000005,0,2023,8,0,125,126
1,1,3,2,96.80000000000001,107.21,97.57749999999999,15,2,0,97.02000000000001,2,2023,4,6,101,93
1,9,2,2,130.4,32.81,93.10399999999998,20,1,1,88.022,2,2022,7,4,15,28
2,13,0,2,136.8,22.46,50.979499999999994,20,3,0,48.12500000000001,0,2022,4,2,23,17
4,0,4,3,134.4,126.02,48.483999999999995,20,0,1,41.019000000000005,2,2023,11,0,122,120
2,9,0,1,329.6,65.92,32.66,10,2,0,27.016000000000002,0,2023,7,6,65,61
4,1,2,2,135.20000000000002,17.97,92.50599999999999,5,3,0,92.356,1,2023,8,0,18,13
3,9,4,3,307.20000000000005,131.87,100.01549999999999,10,1,0,94.754,1,2023,11,0,134,126
3,4,2,1,252.8,92.66,16.617499999999996,10,0,0,19.635,3,2022,6,2,93,87
3,10,1,3,364.8,358.33,73.163,5,0,0,69.91600000000001,2,2022,10,2,368,350
1,6,2,0,195.20000000000002,91.67,65.26249999999999,20,0,1,58.476,1,2022,6,2,73,86
4,15,3,2,289.6,296.56,46.586499999999994,20,1,0,41.811,1,2023,6,0,295,285
3,14,1,3,106.4,70.74,39.686499999999995,25,3,1,34.397000000000006,0,2022,12,2,56,66
0,19,4,3,242.4,30.41,27.186,5,2,1,27.863,1,2022,3,6,35,26
4,0,1,0,96.0,10.28,53.11849999999999,5,3,1,54.571000000000005,0,2022,2,3,11,10
4,14,3,0,123.2,48.4,33.281,25,2,0,35.959,0,2022,7,2,44,43
1,1,4,1,134.4,125.31,29.163999999999998,5,1,0,29.887000000000004,2,2023,11,4,108,120
0,7,3,2,65.60000000000001,68.78,41.95199999999999,25,1,1,43.065000000000005,0,2022,5,4,54,60
3,11,4,1,108.0,58.79,72.20849999999999,10,0,0,64.163,0,2022,1,6,54,54
4,15,1,1,347.20000000000005,299.76,61.294999999999995,20,3,0,57.541000000000004,1,2023,5,0,285,292
0,3,3,3,217.60000000000002,192.2,15.962,20,2,1,11.011000000000001,3,2023,5,6,191,188
2,12,0,1,328.0,17.01,108.353,5,3,1,106.40300000000002,0,2022,12,3,16,11
2,16,0,0,391.20000000000005,24.38,65.2165,15,1,0,59.334,0,2023,9,2,21,19
2,6,0,2,293.6,354.4,77.96999999999998,15,2,0,71.19200000000001,1,2023,2,2,360,338
3,8,4,1,284.8,58.0,114.448,10,2,1,104.522,1,2023,11,6,56,51
1,1,2,1,321.6,303.0,100.99299999999998,25,2,0,97.427,3,2022,10,5,290,297
1,12,0,1,155.20000000000002,118.39,94.58749999999999,15,2,1,89.914,0,2022,8,5,122,113
4,13,2,0,172.0,95.33,71.09299999999999,20,2,0,67.034,1,2022,12,2,98,91
2,16,4,1,46.400000000000006,30.38,17.802,5,3,0,21.912000000000003,1,2023,6,2,25,26
1,6,2,1,101.60000000000001,13.36,109.97449999999999,25,1,0,100.82600000000001,3,2023,12,5,13,11
2,0,2,0,296.0,190.84,86.56049999999999,25,2,1,86.19600000000001,1,2022,8,4,187,186
3,12,3,3,264.8,324.0,64.58399999999999,5,2,1,58.784,2,2022,3,2,312,308
3,15,0,3,399.20000000000005,126.03,63.48,25,2,1,56.617000000000004,0,2023,2,1,126,121
4,4,4,0,255.20000000000002,92.38,15.789499999999999,20,2,1,16.357,0,2022,9,6,82,87
1,2,2,0,376.0,355.34,70.817,10,3,1,71.03800000000001,0,2023,9,3,338,352
4,6,1,3,113.60000000000001,122.04,48.0355,10,2,1,49.973000000000006,3,2022,4,3,126,109
4,19,4,1,363.20000000000005,23.88,100.6365,5,2,0,91.15700000000001,3,2022,11,3,20,17
3,17,3,2,335.20000000000005,134.58,25.208,20,1,0,24.134000000000004,2,2023,5,0,127,130
3,14,0,2,217.60000000000002,245.47,23.816499999999998,15,1,0,24.772000000000002,1,2023,3,0,237,228
0,16,1,0,344.0,69.24,95.59949999999999,15,1,0,91.39900000000002,2,2023,1,1,70,65
4,0,4,1,348.0,375.43,113.597,25,3,1,107.239,1,2022,4,0,381,361
0,13,3,0,174.4,166.28,102.235,10,2,0,102.047,0,2023,5,2,158,161
3,3,3,0,375.20000000000005,259.34,27.6805,15,3,1,27.137000000000004,3,2022,10,3,268,256
2,8,2,3,148.8,126.88,72.71449999999999,5,2,0,66.253,0,2022,1,4,114,122
1,0,0,2,40.0,2.83,45.655,20,3,0,43.45,3,2022,3,6,12,6
3,8,2,2,332.8,248.97,70.196,25,1,0,71.159,2,2023,11,3,239,244
4,4,3,3,67.2,25.24,21.988,10,1,1,24.046000000000003,3,2023,8,5,25,21
1,6,4,3,56.0,2.66,38.5135,5,3,1,40.59,0,2023,4,5,5,6
3,13,1,2,215.20000000000002,13.2,18.5495,5,3,0,18.293,0,2023,4,2,7,11
2,5,3,0,289.6,49.65,96.0825,25,1,1,88.44000000000001,2,2022,1,6,31,44
1,13,4,0,193.60000000000002,214.8,103.8335,25,3,1,94.73200000000001,3,2023,3,0,196,198
3,1,4,1,270.40000000000003,120.71,93.2765,20,3,0,94.05000000000001,0,2022,9,1,108,116
4,10,0,0,152.0,174.99,107.5365,20,3,0,98.24100000000001,2,2023,12,1,172,160
4,14,2,1,56.0,38.42,105.432,10,2,0,104.95100000000001,1,2023,8,2,32,27
1,2,2,2,101.60000000000001,15.25,57.04,10,3,1,55.077000000000005,1,2022,1,0,11,13
4,2,3,2,330.40000000000003,248.4,99.0955,5,0,0,90.57400000000001,3,2022,11,0,235,243
0,13,1,2,209.60000000000002,159.69,30.900499999999997,5,1,0,26.411000000000005,0,2023,7,1,152,154
2,3,4,3,120.80000000000001,108.52,97.55449999999999,10,0,1,89.01200000000001,1,2023,5,2,114,103
4,19,2,0,340.8,348.39,63.88249999999999,15,2,0,65.153,1,2023,7,5,331,335
1,11,3,1,184.0,37.09,53.19899999999999,20,3,0,48.345000000000006,1,2023,3,6,26,32
0,11,4,3,303.2,311.54,42.2855,10,3,0,43.021,0,2023,12,1,296,302
4,7,1,0,346.40000000000003,136.77,54.487,10,2,1,56.144000000000005,2,2023,2,4,146,133
4,0,2,3,165.60000000000002,130.49,64.05499999999999,10,2,0,65.032,1,2023,4,5,118,125
1,7,0,3,298.40000000000003,101.09,32.775,25,3,0,26.576000000000004,2,2023,1,4,85,94
0,16,1,2,374.40000000000003,74.64,62.15749999999999,15,1,0,55.93500000000001,3,2023,5,5,61,68
3,19,3,0,75.2,92.03,79.14299999999999,10,1,0,80.542,2,2022,8,1,93,77
3,4,4,3,176.0,118.82,30.682,5,0,0,28.259000000000004,2,2023,4,5,107,113
2,3,2,2,128.0,131.12,25.5645,25,3,1,22.308000000000003,1,2023,3,4,118,121
0,19,4,3,284.0,4.5,38.294999999999995,15,1,0,41.481,3,2022,1,2,11,7
3,1,1,2,94.4,58.98,44.2635,25,3,0,46.211,1,2022,11,4,61,54
3,16,0,0,147.20000000000002,146.22,106.07599999999998,20,2,1,104.44500000000001,1,2022,5,3,135,136
2,19,1,2,320.0,252.06,12.948999999999998,20,3,1,11.429000000000002,3,2023,1,5,233,247
1,17,1,2,178.4,164.2,81.48899999999999,25,1,1,81.334,2,2023,3,2,171,159
4,17,1,3,229.60000000000002,114.0,29.7735,15,1,0,33.858000000000004,3,2023,1,1,111,107
0,19,2,1,214.4,202.14,43.10199999999999,20,3,1,42.449000000000005,3,2022,2,4,201,196
4,12,2,2,373.6,417.7,72.105,25,1,1,70.71900000000001,1,2023,1,3,413,401
3,18,0,3,183.20000000000002,44.27,59.662,20,2,0,59.488,3,2022,5,2,52,40
3,0,3,0,138.4,55.01,49.1855,25,1,0,51.029,1,2022,4,2,53,50
4,14,0,0,356.0,297.55,29.083499999999997,10,0,1,30.151000000000003,0,2023,10,4,305,292
4,8,1,2,284.0,106.65,27.450499999999998,10,3,1,24.211000000000002,2,2022,7,3,107,101
3,17,0,1,388.0,118.42,73.7725,25,3,1,68.49700000000001,3,2022,9,4,115,113
4,10,0,0,272.0,170.58,47.265,5,0,1,41.305,1,2023,11,5,160,164
3,4,4,3,87.2,33.74,61.364,10,0,0,60.83,0,2022,7,3,26,30
2,5,0,1,304.8,213.32,59.961,15,2,1,60.676,2,2022,6,2,216,209
2,15,2,2,157.60000000000002,190.97,56.591499999999996,25,3,0,53.702000000000005,3,2023,8,2,174,175
2,14,1,3,156.8,95.67,78.47599999999998,25,3,1,75.889,1,2023,10,6,79,91
3,6,4,0,52.800000000000004,44.86,17.2385,10,0,1,21.054000000000002,3,2023,12,2,31,40
4,3,0,1,209.60000000000002,95.25,87.975,10,1,1,85.83300000000001,3,2023,3,2,95,91
4,9,0,0,370.40000000000003,204.57,33.269499999999994,20,2,0,29.062000000000005,3,2022,10,5,208,199
3,1,3,3,124.80000000000001,159.08,63.42249999999999,25,3,0,57.563,1,2022,10,0,141,141
4,1,3,3,51.2,13.03,69.69,15,2,1,67.21000000000001,3,2022,4,2,14,12
0,15,0,2,108.80000000000001,-2.72,111.17049999999999,5,1,1,109.42800000000001,3,2023,2,0,0,2
3,10,1,0,344.0,56.91,50.634499999999996,20,1,1,49.258,3,2022,4,4,37,52
1,0,2,3,302.40000000000003,175.3,82.1675,20,3,0,76.57100000000001,0,2023,12,3,168,170
0,5,2,0,315.20000000000005,252.76,17.433999999999997,5,2,0,17.765,3,2022,3,5,258,249
3,17,2,1,198.4,158.25,28.6005,25,2,1,26.301000000000002,2,2022,8,1,144,153
2,12,4,1,289.6,281.29,83.237,5,2,0,75.46,0,2022,8,5,273,273
0,10,3,0,101.60000000000001,-4.59,106.26,20,0,0,101.47500000000001,2,2022,7,5,0,2
0,6,0,2,292.8,38.79,50.49649999999999,10,0,1,46.827000000000005,1,2023,2,1,42,34
1,8,4,3,104.0,91.04,45.091499999999996,5,3,0,45.672000000000004,3,2022,1,0,95,85
3,10,0,2,178.4,183.99,34.649499999999996,5,3,1,37.114000000000004,3,2022,9,6,166,175
4,14,3,2,339.20000000000005,347.74,75.8655,20,1,0,67.38600000000001,3,2023,3,1,335,334
0,16,4,1,125.60000000000001,24.41,111.458,15,2,0,106.183,3,2023,1,6,34,14
0,1,3,1,90.4,91.25,35.1095,20,2,0,38.115,2,2023,9,4,87,81
3,0,1,3,392.0,51.83,42.400499999999994,10,3,0,38.687000000000005,3,2023,6,5,42,45
0,3,3,3,49.6,61.55,64.7795,15,1,0,58.443000000000005,2,2022,10,0,42,48
0,0,2,1,256.8,107.92,110.83699999999999,25,3,1,105.21500000000002,1,2022,6,4,95,101
3,5,3,3,381.6,39.36,47.357,25,0,0,42.009,2,2022,5,4,38,35
0,15,3,0,268.0,138.1,107.77799999999999,20,2,0,108.152,1,2022,11,0,129,130
3,7,0,1,192.8,65.2,51.0945,25,2,0,48.477000000000004,2,2022,8,4,70,61
1,16,3,0,324.8,192.96,36.133,15,1,0,36.894000000000005,3,2023,5,2,195,188
3,16,2,0,308.8,300.32,24.793999999999997,5,2,0,21.34,0,2023,11,4,305,294
4,10,4,3,396.8,429.0,55.199999999999996,20,3,1,53.867000000000004,0,2022,5,2,418,416
2,3,1,0,359.20000000000005,-2.23,21.815499999999997,5,1,1,21.879,1,2023,7,6,5,4
3,13,2,3,202.4,83.07,37.961499999999994,15,2,0,35.596000000000004,3,2023,2,6,76,78
4,9,4,3,332.0,377.74,65.34299999999999,10,0,0,57.22200000000001,0,2023,12,2,372,363
0,5,1,3,205.60000000000002,194.22,108.721,20,2,1,106.49100000000001,0,2023,10,6,198,185
1,8,3,0,52.800000000000004,6.05,111.08999999999999,5,1,0,111.14400000000002,1,2023,2,2,8,4
3,4,3,1,93.60000000000001,47.81,82.616,25,2,1,81.191,3,2023,3,4,48,43
3,2,4,2,255.20000000000002,22.18,35.8455,20,3,0,33.187000000000005,3,2022,12,0,26,17
4,2,0,0,253.60000000000002,306.42,88.596,5,1,1,79.277,2,2022,2,5,301,293
0,10,4,0,308.0,303.57,110.722,10,0,0,101.58500000000001,0,2022,1,3,296,295
4,1,3,1,356.0,380.63,18.653,20,0,1,19.316,1,2022,9,0,368,367
2,6,1,1,328.8,372.11,107.61699999999999,15,1,1,99.99000000000001,1,2022,12,6,363,357
2,3,4,3,374.40000000000003,98.21,14.765999999999998,5,1,1,14.806000000000003,1,2022,7,0,93,92
0,1,3,2,356.8,228.89,17.894,5,3,1,19.624000000000002,2,2023,9,0,215,224
4,19,3,1,229.60000000000002,31.0,82.66199999999999,20,2,1,84.45800000000001,3,2022,12,2,19,26
2,16,2,3,334.40000000000003,340.04,113.0335,5,3,0,109.285,1,2023,3,1,348,332
0,10,1,0,231.20000000000002,96.95,64.607,20,0,0,60.071000000000005,2,2023,8,6,79,92
1,13,1,2,72.8,56.81,24.483499999999996,25,0,0,18.546,0,2023,8,1,42,52
0,8,4,3,178.4,172.22,21.044999999999998,5,0,0,20.966,1,2022,1,3,154,165
1,7,0,3,275.2,179.25,36.846,20,3,1,34.771,0,2022,7,6,172,173
3,6,3,2,205.60000000000002,117.56,114.402,25,2,1,111.71600000000001,3,2022,4,0,123,107
1,11,2,0,75.2,58.61,86.23849999999999,25,3,0,85.305,2,2022,7,1,66,54
0,11,4,2,297.6,54.53,63.5605,10,2,0,58.333000000000006,0,2023,9,1,63,49
2,10,0,0,248.8,217.74,67.19449999999999,10,1,0,66.869,2,2023,7,3,225,213
2,5,4,2,114.4,34.41,24.092499999999998,20,2,0,27.544,0,2022,2,1,27,30
0,4,3,0,242.4,242.17,42.44649999999999,5,1,1,45.903,0,2023,9,6,242,234
3,1,1,2,82.4,25.24,109.1005,25,2,0,99.95700000000001,1,2022,2,6,17,18
0,7,4,1,350.40000000000003,312.25,41.66449999999999,10,1,0,44.176,1,2023,8,5,293,307
3,9,2,3,244.8,28.93,73.57699999999998,15,3,0,71.90700000000001,3,2022,1,2,21,24
3,4,3,1,340.0,45.97,78.0045,5,0,0,70.82900000000001,1,2023,10,3,55,41
2,1,1,3,208.8,81.36,13.167499999999999,20,0,1,8.096000000000002,2,2023,5,2,69,74
2,19,2,1,256.8,72.08,101.44149999999999,10,2,1,101.94800000000002,0,2023,1,1,73,68
1,14,3,3,294.40000000000003,321.42,39.583,5,1,0,35.101000000000006,3,2022,11,1,305,307
4,14,3,2,136.0,182.26,108.7785,25,2,0,102.58600000000001,0,2023,6,2,170,166
2,10,0,1,313.6,196.48,42.6995,25,2,0,44.077000000000005,1,2022,2,3,187,193
0,3,3,2,374.40000000000003,361.09,92.91999999999999,20,1,1,93.75300000000001,1,2022,9,1,360,355
2,9,2,3,61.6,84.8,82.35149999999999,10,3,1,76.989,0,2023,4,5,77,71
4,11,2,1,334.40000000000003,205.33,62.559999999999995,5,1,0,60.544000000000004,1,2022,6,0,196,200
3,12,3,2,229.60000000000002,88.43,75.15249999999999,5,3,0,74.382,3,2022,10,5,98,83
4,1,3,3,300.8,21.75,25.415,5,2,0,21.032000000000004,3,2022,4,1,23,15
3,8,4,1,78.4,29.84,111.26249999999999,15,1,1,107.525,2,2022,2,2,28,18
3,16,1,2,201.60000000000002,68.54,64.48049999999999,5,1,0,60.02700000000001,2,2022,11,4,59,64
2,1,1,1,353.6,412.72,97.635,5,0,0,88.55000000000001,3,2023,8,5,412,396
4,0,4,2,161.60000000000002,178.21,91.885,5,0,0,83.93,3,2022,4,5,186,164
2,0,0,1,159.20000000000002,66.56,40.135,10,2,0,42.515,3,2022,8,2,74,61
2,15,0,2,184.0,70.77,99.705,25,1,0,100.155,1,2022,1,6,69,66
1,1,4,1,123.2,19.36,52.01449999999999,10,0,1,44.253,1,2022,5,5,13,14
4,10,4,1,388.0,179.57,52.3595,5,1,1,50.633,1,2023,12,1,187,175
2,14,4,0,328.0,137.11,40.54899999999999,10,0,1,33.56100000000001,3,2023,1,6,139,133
0,17,4,0,310.40000000000003,385.61,46.149499999999996,20,3,1,45.287000000000006,0,2023,2,4,375,369
0,14,1,1,60.800000000000004,72.02,23.356499999999997,20,3,1,20.977,2,2022,3,1,60,58
2,17,1,2,271.2,319.7,104.16699999999999,10,0,1,96.44800000000002,2,2022,2,5,318,305
3,9,4,0,365.6,289.11,72.79499999999999,10,3,1,71.247,3,2022,12,0,277,286
1,3,2,2,372.0,353.42,75.4975,15,0,0,75.889,2,2022,6,6,362,346
1,17,0,3,82.4,76.09,35.799499999999995,15,0,1,34.309000000000005,3,2022,11,6,84,69
0,12,0,0,313.6,390.62,112.10199999999999,15,3,0,110.16500000000002,1,2023,7,1,382,375
1,10,0,3,339.20000000000005,375.98,62.433499999999995,25,1,1,64.81200000000001,2,2023,4,4,363,359
4,1,3,2,47.2,45.75,80.385,5,0,0,78.639,1,2022,11,2,33,39
3,4,2,1,336.0,202.74,85.12299999999999,20,2,1,85.239,3,2023,6,0,183,197
2,19,0,1,348.0,141.19,108.87049999999999,15,3,0,108.99900000000001,2,2023,6,5,130,136
4,19,3,3,113.60000000000001,139.61,86.5375,15,3,1,85.305,1,2023,8,5,132,125
4,0,1,2,143.20000000000002,25.62,21.171499999999998,10,3,0,20.845000000000002,3,2023,10,0,11,20
0,12,1,3,244.0,157.38,91.632,20,0,1,82.26900000000002,0,2022,9,3,160,152
2,6,2,3,299.2,278.83,103.8335,15,1,1,95.09500000000001,2,2023,3,6,268,272
1,9,4,2,267.2,96.91,87.3425,15,3,0,86.042,1,2022,7,0,85,92
0,15,3,0,115.2,36.4,105.9725,10,2,1,102.135,3,2022,4,4,34,26
2,5,2,1,270.40000000000003,177.33,74.14049999999999,5,3,0,70.97200000000001,3,2023,5,1,168,171
2,9,2,2,278.40000000000003,309.33,99.58999999999999,20,1,1,91.82800000000002,2,2023,10,3,295,296
2,3,4,2,174.4,60.51,113.02199999999999,20,1,0,113.56400000000001,3,2023,10,4,61,54
4,11,3,2,214.4,49.29,81.3395,10,1,0,82.69800000000001,2,2023,8,5,59,45
1,3,1,2,348.0,34.85,97.28999999999999,10,1,0,92.32300000000002,3,2022,11,0,32,30
4,9,2,3,185.60000000000002,168.77,59.7425,20,3,0,56.551,3,2022,10,4,151,163
2,9,3,2,241.60000000000002,20.94,18.2735,15,0,1,18.59,2,2023,3,5,3,15
1,13,4,0,104.0,73.65,98.39399999999999,20,0,1,95.86500000000001,2,2022,4,1,68,68
2,6,3,3,345.6,43.23,16.238,20,0,1,12.870000000000001,1,2022,5,6,32,38
2,19,4,3,259.2,84.81,92.0345,10,3,1,83.006,2,2023,3,2,94,80
3,6,2,3,121.60000000000001,151.52,19.711,25,2,1,21.109,1,2023,4,0,142,135
4,18,3,3,219.20000000000002,67.86,113.96499999999999,25,3,0,107.59100000000001,3,2022,11,6,75,62
0,18,1,1,126.4,82.41,79.02799999999999,25,0,0,72.787,1,2022,8,4,91,78
1,7,1,1,381.6,319.38,20.929999999999996,10,3,1,14.751000000000001,0,2023,12,4,316,315
0,15,4,0,44.0,-1.19,76.94649999999999,10,0,0,72.809,3,2022,3,6,4,5
3,6,4,3,133.6,165.39,97.957,5,0,1,95.02900000000001,3,2022,12,2,160,149
0,13,0,1,90.4,94.42,53.15299999999999,15,0,0,45.958000000000006,0,2023,8,5,82,82
0,7,4,2,366.40000000000003,349.21,33.44199999999999,5,3,1,37.059,0,2023,7,1,351,342
4,15,0,0,336.8,145.97,86.90549999999999,25,0,0,84.766,1,2022,6,2,150,142
3,1,2,3,208.8,24.34,83.007,15,3,0,83.688,1,2023,6,6,18,19
3,8,4,1,313.6,54.08,22.6205,25,2,0,18.139,3,2022,10,3,60,50
2,13,1,1,192.8,155.31,69.437,25,3,0,66.924,0,2023,11,6,144,151
4,5,1,0,259.2,236.04,104.466,10,2,0,97.99900000000001,3,2022,7,2,229,232
4,16,2,1,198.4,14.86,88.642,5,2,1,80.81700000000001,3,2023,1,6,3,11
2,9,3,1,208.8,10.44,113.37849999999999,20,3,1,113.76200000000001,2,2022,2,4,1,5
4,18,0,0,276.8,100.65,52.543499999999995,25,0,1,47.168000000000006,2,2022,10,1,91,95
1,4,3,1,338.40000000000003,339.29,20.458499999999997,5,3,0,23.628000000000004,1,2022,6,4,330,329
2,15,0,3,68.0,53.47,22.057,25,0,0,18.744,0,2023,12,0,41,50
2,9,2,1,340.8,379.1,86.3535,15,2,1,79.992,3,2022,12,3,388,364
2,11,4,1,248.8,127.74,114.57449999999999,10,1,0,104.39000000000001,2,2022,11,4,115,120
0,1,4,2,105.60000000000001,75.66,76.4865,25,3,1,73.19400000000002,3,2023,3,1,85,71
1,11,1,0,48.800000000000004,53.23,40.0315,25,3,0,43.736000000000004,1,2023,4,1,56,45
2,17,4,0,246.4,30.6,16.421999999999997,5,1,0,19.844,3,2023,8,1,21,25
0,2,0,2,180.8,171.86,42.251,10,3,1,37.884,3,2023,7,1,154,166
0,13,2,1,190.4,122.09,12.500499999999999,10,1,0,14.421000000000001,1,2022,12,3,108,117
1,6,3,2,328.8,122.13,19.9985,10,0,0,21.219,2,2022,4,6,111,117
0,17,2,3,183.20000000000002,34.07,49.196999999999996,10,1,1,44.165,0,2022,10,6,21,29
2,18,0,1,382.40000000000003,478.75,42.400499999999994,5,1,1,44.209,2,2023,11,1,469,457
2,11,1,3,233.60000000000002,287.34,52.9115,25,2,1,45.793000000000006,0,2023,1,4,273,273
1,4,0,1,228.8,142.45,105.01799999999999,25,3,0,103.785,0,2022,7,5,144,139
1,10,1,3,367.20000000000005,129.86,49.565,20,1,0,47.102000000000004,2,2023,7,5,121,124
0,14,4,2,115.2,16.83,101.54499999999999,10,0,0,95.72200000000001,0,2023,4,6,20,12
1,11,0,0,182.4,7.11,78.913,5,0,1,74.25,0,2022,8,6,10,9
0,6,4,2,266.40000000000003,286.08,107.0765,25,2,1,100.35300000000001,0,2023,1,1,289,272
3,18,1,0,254.4,192.89,60.282999999999994,5,0,0,58.509,0,2022,5,6,195,188
2,1,2,3,265.6,18.52,91.22949999999999,10,2,0,91.43200000000002,3,2023,4,5,23,14
2,19,4,1,175.20000000000002,230.5,38.8125,20,0,0,37.763,0,2022,7,3,211,214
4,14,3,2,168.8,56.85,28.899499999999996,5,2,0,27.071,1,2023,8,3,63,51
1,7,4,1,211.20000000000002,114.88,107.17999999999999,15,2,0,105.74300000000001,3,2022,7,0,111,107
1,4,0,3,395.20000000000005,427.16,16.295499999999997,20,2,1,18.854000000000003,3,2022,12,2,419,415
0,5,1,3,279.2,200.48,82.91499999999999,20,0,1,84.32600000000001,1,2022,8,3,191,193
2,1,0,3,363.20000000000005,315.37,94.8865,5,0,1,90.12300000000002,0,2023,8,3,313,312
0,3,2,2,322.40000000000003,213.53,92.5175,25,1,0,84.86500000000001,3,2023,12,0,222,209
4,5,1,0,120.80000000000001,153.95,38.847,10,3,0,32.846000000000004,3,2022,2,0,143,137
0,18,1,0,106.4,78.48,33.925,5,3,0,36.036,2,2023,7,4,64,73
4,6,4,0,142.4,167.49,89.033,5,3,0,82.401,0,2023,11,2,151,152
3,12,3,2,197.60000000000002,69.64,58.696,10,1,1,56.331,1,2023,4,3,71,65
1,7,2,2,363.20000000000005,45.11,96.39299999999999,25,1,1,95.183,3,2023,10,1,33,40
3,2,4,0,287.2,360.54,72.8985,20,2,0,67.21000000000001,0,2023,11,0,343,341
0,15,4,1,298.40000000000003,347.44,36.524,15,3,0,30.096,3,2022,8,4,341,330
0,2,1,2,78.4,23.94,74.96849999999999,15,2,1,67.87,2,2023,12,6,29,19
2,10,4,2,311.20000000000005,253.25,98.4515,5,1,0,93.43400000000001,0,2022,6,5,238,249
2,0,2,1,112.0,96.73,40.112,5,2,1,43.208000000000006,2,2022,4,6,106,91
3,18,4,0,217.60000000000002,222.52,54.774499999999996,20,1,1,54.758,2,2022,5,3,214,212
2,0,2,0,348.0,349.38,28.128999999999998,15,1,1,31.713,1,2022,5,5,338,339
1,18,2,1,80.0,94.92,37.237,25,3,0,31.658000000000005,1,2022,4,4,98,81
3,18,4,0,319.20000000000005,168.74,90.574,10,1,1,83.622,0,2022,6,6,174,164
2,0,4,1,311.20000000000005,98.9,55.062,15,3,0,50.611000000000004,0,2023,3,6,82,93
0,11,3,0,224.0,45.05,106.61649999999999,15,2,1,106.21600000000001,2,2023,11,0,42,36
2,14,2,1,344.0,135.02,44.9535,15,2,0,38.984,2,2023,5,0,135,130
1,18,0,0,311.20000000000005,79.01,52.739,15,1,1,53.801,1,2023,3,0,79,73
2,16,4,1,227.20000000000002,243.19,83.16799999999999,5,1,0,80.34400000000001,3,2023,4,0,232,228
0,11,0,2,380.8,67.89,114.13749999999999,25,2,0,106.06200000000001,2,2023,9,3,73,62
1,15,0,0,118.4,123.67,44.022,10,1,0,47.223000000000006,3,2023,12,6,123,111
1,13,2,2,391.20000000000005,435.2,76.705,20,2,1,74.272,0,2023,8,2,419,418
1,15,0,2,46.400000000000006,67.22,63.9285,10,1,0,65.164,3,2022,12,2,49,51
0,8,3,1,185.60000000000002,-3.3,81.374,20,0,1,78.287,3,2023,5,1,2,3
4,10,0,3,256.8,249.13,19.5845,10,2,0,17.072,3,2023,3,4,255,240
1,18,2,2,222.4,127.87,34.028499999999994,15,2,1,30.635000000000005,1,2022,4,5,118,123
1,1,4,3,224.8,241.37,81.0405,5,0,1,79.893,2,2023,7,6,226,226
3,10,0,0,232.8,186.45,102.13149999999999,25,2,1,96.91,3,2022,2,4,172,181
4,10,2,3,391.20000000000005,25.0,25.0125,15,2,0,24.343,1,2023,11,4,17,21
0,4,1,3,236.8,83.16,111.74549999999999,15,3,1,105.21500000000002,0,2023,10,0,75,79
1,1,3,3,303.2,252.8,32.119499999999995,10,3,1,30.371000000000002,2,2023,9,2,256,249
3,14,4,1,116.0,4.39,24.9895,25,0,1,21.483000000000004,1,2023,7,4,14,7
3,4,4,1,210.4,266.41,81.30499999999999,5,0,0,79.76100000000001,0,2023,2,5,249,249
0,11,4,3,268.8,197.6,71.116,25,0,1,69.509,2,2022,12,2,203,193
0,13,4,3,381.6,344.34,103.59199999999998,10,3,0,98.197,1,2022,12,1,353,340
4,12,1,1,306.40000000000003,63.47,27.461999999999996,15,0,0,27.071,3,2022,11,6,68,58
4,0,2,2,74.4,41.99,47.3225,15,2,1,46.101,3,2022,9,6,42,37
4,16,0,3,276.8,34.18,88.63049999999998,20,1,1,85.943,3,2022,12,2,21,29
0,1,0,3,312.0,316.48,17.836499999999997,20,1,0,22.352000000000004,2,2023,5,5,300,307
1,16,2,1,58.400000000000006,74.44,17.1925,10,1,0,20.57,1,2023,2,6,68,58
4,2,2,2,296.0,325.34,19.503999999999998,20,0,0,15.741000000000001,1,2023,12,6,324,310
2,19,2,1,244.8,6.57,100.28,10,3,0,95.238,3,2022,12,5,0,10
0,5,1,1,160.8,171.01,14.409499999999998,20,0,1,17.094,0,2023,11,4,167,159
3,12,3,0,188.8,179.29,100.533,5,3,0,93.53300000000002,2,2022,8,2,174,171
2,5,3,3,196.8,215.67,66.3895,15,2,0,61.98500000000001,1,2022,2,2,211,202
4,18,1,0,247.20000000000002,25.09,27.668999999999997,25,3,1,21.098000000000003,2,2023,4,2,7,20
3,7,2,3,312.0,368.91,92.75899999999999,10,3,0,88.462,3,2024,1,0,365,353
3,0,4,2,384.8,347.21,65.9065,25,3,0,57.84900000000001,2,2023,11,6,335,341
3,11,0,3,316.8,101.24,97.25549999999998,20,1,1,88.34100000000001,2,2022,2,0,100,95
2,11,3,1,225.60000000000002,268.68,87.5725,20,3,0,80.30000000000001,1,2023,11,2,270,252
0,12,3,0,73.60000000000001,11.05,92.7705,15,2,0,84.34800000000001,3,2023,1,4,9,10
2,15,4,3,190.4,143.12,74.589,15,1,1,73.31500000000001,3,2022,12,3,125,137
4,13,2,3,80.80000000000001,58.76,55.3955,15,3,1,53.416000000000004,1,2022,6,2,51,53
3,13,2,3,86.4,52.74,91.7585,5,2,1,91.08,0,2022,4,5,59,49
2,15,2,3,116.0,47.39,105.7195,5,2,0,99.022,0,2023,1,0,41,39
3,6,3,1,47.2,60.46,55.568,25,0,0,51.72200000000001,2,2023,3,2,59,49
4,13,0,0,109.60000000000001,99.29,39.06549999999999,15,0,0,38.709,2,2023,7,5,104,93
1,18,4,0,330.40000000000003,255.92,56.982499999999995,10,2,0,49.907000000000004,3,2022,2,4,263,249
1,14,1,0,254.4,51.36,67.43599999999999,15,2,1,67.188,2,2022,10,2,41,46
2,1,3,1,132.0,16.75,48.1275,10,2,0,43.010000000000005,2,2023,11,2,2,13
1,2,4,3,180.0,70.42,43.837999999999994,5,0,0,42.361000000000004,2,2023,8,1,58,65
0,12,2,2,276.8,160.48,14.685499999999998,10,3,1,11.165000000000001,0,2022,7,0,160,155
3,19,0,2,337.6,6.71,76.42899999999999,20,1,0,76.30700000000002,2,2023,10,2,14,8
3,11,0,0,68.0,63.69,13.397499999999999,10,1,0,7.854,2,2024,1,0,63,57
0,2,3,2,226.4,137.51,82.12149999999998,25,0,0,80.22300000000001,2,2022,4,6,136,133
1,6,1,1,308.8,222.73,70.5295,20,2,1,72.897,0,2022,1,6,203,218
2,4,1,2,224.0,75.53,76.981,10,2,1,69.355,0,2023,5,4,60,71
2,18,1,2,212.8,9.28,20.274499999999996,25,2,1,19.822000000000003,1,2022,9,4,0,9
0,17,0,2,89.60000000000001,41.62,48.058499999999995,5,0,0,41.613,1,2023,1,5,34,37
1,6,1,3,50.400000000000006,29.49,80.91399999999999,25,1,1,72.30300000000001,1,2022,2,1,16,25
3,2,4,3,102.4,72.84,78.9015,15,0,1,79.32100000000001,1,2022,4,2,73,68
0,13,4,0,288.8,76.53,68.8505,20,2,0,62.59,0,2022,4,4,70,72
0,4,0,3,373.6,32.86,39.007999999999996,5,0,1,33.033,3,2023,10,0,40,28
0,11,4,3,306.40000000000003,228.61,25.7025,15,1,0,22.594,0,2022,8,5,234,224
4,13,2,3,144.8,33.84,69.82799999999999,15,0,1,62.755,3,2023,8,2,29,29
3,0,0,0,400.0,132.0,111.1475,5,0,0,108.84500000000001,0,2023,8,2,131,127
3,16,0,0,46.400000000000006,49.78,45.401999999999994,15,0,1,41.668000000000006,2,2023,6,4,34,42
0,12,1,2,399.20000000000005,135.09,37.949999999999996,15,1,1,34.01200000000001,3,2022,12,2,141,130
3,2,4,0,372.8,124.26,69.1035,10,0,0,62.150000000000006,2,2023,11,3,122,119
0,9,4,1,332.0,68.42,81.7535,10,2,1,79.72800000000001,0,2022,10,3,66,64
2,4,2,3,276.0,227.99,45.643499999999996,5,0,0,42.229000000000006,0,2022,10,5,215,224
4,19,3,2,120.80000000000001,-0.36,26.679999999999996,20,0,0,22.341,0,2022,9,0,0,5
0,10,2,3,232.0,180.58,13.915,25,3,1,14.245000000000001,2,2023,8,2,175,176
4,11,3,3,299.2,189.64,113.96499999999999,25,2,0,114.367,3,2022,6,6,173,181
4,19,4,1,377.6,426.07,53.601499999999994,10,1,0,52.327000000000005,0,2022,3,5,434,410
0,6,2,0,197.60000000000002,39.02,19.7915,25,3,0,18.205000000000002,1,2023,12,5,20,34
3,13,3,2,52.0,23.59,52.083499999999994,5,2,1,53.592000000000006,2,2023,11,4,25,18
0,4,1,0,152.0,6.12,28.266999999999996,25,2,1,28.853,2,2023,4,1,14,8
0,8,0,1,353.6,281.36,113.53949999999999,15,1,0,112.343,3,2023,12,2,271,276
3,15,0,1,318.40000000000003,166.15,52.071999999999996,20,0,0,44.484,3,2023,5,0,170,162
4,18,0,2,389.6,30.57,97.4395,15,1,1,92.67500000000001,2,2023,2,2,11,26
4,2,4,1,322.40000000000003,152.88,40.1235,25,1,0,42.471000000000004,0,2023,3,6,140,148
3,6,3,0,274.40000000000003,123.1,50.760999999999996,25,2,1,51.953,0,2022,5,1,131,119
3,18,2,0,184.0,64.23,20.170999999999996,5,0,1,16.412000000000003,3,2022,2,6,71,60
0,17,3,0,105.60000000000001,38.73,72.5535,20,0,0,67.02300000000001,1,2023,11,6,47,34
1,12,4,2,72.8,71.87,65.27399999999999,25,0,1,60.555,0,2023,7,0,70,63
1,6,0,0,339.20000000000005,396.89,53.520999999999994,10,2,1,52.437000000000005,3,2022,4,3,387,379
2,6,4,0,375.20000000000005,474.61,47.598499999999994,15,3,0,42.525999999999996,3,2022,5,6,469,456
2,4,1,0,187.20000000000002,216.79,76.08399999999999,25,3,1,68.33200000000001,0,2023,6,4,204,203
2,8,3,2,165.60000000000002,19.97,56.4995,15,0,0,55.693000000000005,0,2023,12,5,28,14
2,10,1,0,340.0,34.53,94.38049999999998,15,0,0,95.07300000000002,2,2022,9,1,37,30
2,6,1,2,118.4,82.11,96.11699999999999,20,0,0,96.063,2,2022,12,6,71,77
3,7,4,3,212.0,174.55,73.669,25,3,1,65.153,1,2022,8,5,182,170
1,4,2,0,384.0,403.46,76.728,20,3,0,75.77900000000001,1,2022,11,3,388,392
2,9,4,0,199.20000000000002,22.05,40.733,20,2,1,38.80800000000001,2,2022,11,5,8,17
0,3,3,3,116.80000000000001,14.24,64.722,20,2,0,61.127,1,2023,1,1,16,11
4,13,3,2,172.8,195.74,64.05499999999999,25,3,1,60.742000000000004,3,2022,4,0,200,182
0,7,0,0,324.0,67.1,37.3175,10,3,1,33.363,1,2022,12,1,70,62
1,11,2,1,348.0,219.52,32.7405,25,3,0,33.264,3,2023,6,4,210,214
4,19,3,3,149.6,45.64,97.84199999999998,5,0,0,88.605,3,2023,8,2,53,40
4,11,0,3,272.8,6.56,21.815499999999997,5,2,1,19.723000000000003,3,2022,9,5,6,8
0,9,1,1,355.20000000000005,125.51,81.6385,10,0,1,81.64200000000001,3,2022,1,2,119,121
3,3,4,0,233.60000000000002,38.52,91.9425,10,2,1,87.813,2,2023,1,0,19,33
2,12,3,3,310.40000000000003,131.32,15.467499999999998,15,1,1,17.952,2,2024,1,0,115,125
4,13,0,1,117.60000000000001,88.45,28.830499999999997,15,3,0,26.829000000000004,0,2022,1,5,87,83
1,9,1,2,180.8,94.54,39.11149999999999,5,2,1,38.544000000000004,0,2022,12,1,96,90
3,7,4,2,72.8,54.71,49.955999999999996,25,0,0,47.982,2,2022,9,2,40,50
4,1,2,1,297.6,334.17,34.6955,20,3,1,34.232000000000006,1,2022,1,2,335,320
0,5,4,2,185.60000000000002,163.27,83.68549999999999,15,0,1,79.12300000000002,0,2023,11,1,171,159
0,5,1,0,290.40000000000003,299.62,29.647,10,2,0,28.490000000000002,3,2023,9,2,295,286
1,11,4,2,69.60000000000001,63.14,17.043,25,0,1,17.292,0,2022,1,1,48,58
2,18,2,3,82.4,102.62,82.9035,5,2,0,78.276,1,2022,9,3,95,87
1,6,3,1,178.4,131.22,58.419999999999995,5,3,1,51.865,2,2022,8,3,131,126
2,2,0,1,180.0,78.33,101.18849999999999,15,0,1,93.555,2,2023,12,4,76,74
2,0,3,1,326.40000000000003,6.97,38.364,20,1,1,31.823000000000004,2,2022,3,1,4,9
0,6,0,2,60.800000000000004,62.54,55.108,5,0,1,55.154,3,2023,8,2,66,53
1,14,2,2,52.800000000000004,1.71,21.056499999999996,10,3,1,24.453000000000003,1,2023,7,4,4,6
0,2,1,0,177.60000000000002,62.44,106.5015,25,1,1,99.18700000000001,1,2022,6,4,66,59
4,15,2,2,104.0,68.9,83.69699999999999,5,2,1,81.84000000000002,1,2023,11,0,63,65
4,19,0,1,288.0,45.12,106.9615,20,2,1,104.929,2,2022,5,6,39,37
1,1,4,2,396.0,194.65,21.067999999999998,5,1,0,21.153000000000002,1,2023,7,3,200,189
1,14,4,3,72.8,12.61,105.846,20,3,1,102.39900000000002,1,2023,11,2,20,11
0,19,3,1,396.0,135.9,90.02199999999999,20,3,0,88.605,0,2022,7,2,130,131
1,8,4,1,353.6,406.24,55.94749999999999,5,1,0,57.453,3,2023,2,3,398,389
4,10,3,0,220.8,11.52,67.60849999999999,5,1,1,69.96000000000001,0,2022,3,5,13,11
4,11,3,2,233.60000000000002,-4.35,100.24549999999999,20,2,0,92.477,2,2022,7,6,1,3
3,7,4,0,312.8,397.52,101.86699999999999,25,2,0,94.85300000000001,2,2023,6,0,390,379
0,14,1,0,245.60000000000002,220.48,35.811,25,2,0,32.373000000000005,2,2022,8,0,222,215
4,1,0,0,137.6,102.01,41.607,10,0,1,36.421,3,2023,6,6,92,96
0,13,3,0,240.8,265.54,20.102,15,0,1,19.734,3,2023,3,1,267,249
1,3,1,2,337.6,190.15,90.505,10,3,0,86.658,0,2023,4,0,176,186
1,17,4,2,380.8,303.75,52.3135,5,2,1,46.332,3,2023,2,6,312,297
0,9,2,1,163.20000000000002,76.08,112.3205,5,0,1,105.85300000000001,3,2022,7,1,70,70
0,6,3,2,193.60000000000002,7.42,47.3915,25,2,0,46.29900000000001,1,2023,7,5,3,9
4,19,2,3,366.40000000000003,259.85,44.505,10,0,1,47.201,0,2023,9,0,264,256
0,16,4,0,119.2,49.97,38.7895,10,2,0,34.232000000000006,1,2023,8,3,37,45
3,4,4,3,328.0,386.47,78.02749999999999,25,3,1,77.88000000000001,3,2022,11,1,390,370
4,12,1,1,124.80000000000001,73.38,32.199999999999996,25,3,0,35.574000000000005,0,2022,4,6,55,68
3,12,4,2,192.8,128.0,26.415499999999998,20,2,0,29.634000000000004,0,2023,5,2,136,123
0,15,3,3,212.0,162.1,66.24,25,0,0,62.99700000000001,3,2023,3,1,157,157
4,2,0,3,375.20000000000005,419.58,84.45599999999999,10,0,1,77.418,1,2022,10,6,427,405
3,8,4,1,144.0,106.92,37.80049999999999,10,3,1,32.065,0,2023,7,4,90,101
2,2,1,1,365.6,383.64,102.7755,20,2,0,98.384,3,2022,5,0,370,371
1,0,1,1,118.4,15.42,68.48249999999999,15,3,0,67.35300000000001,1,2023,2,6,5,13
0,3,3,3,192.8,189.83,26.139499999999998,15,2,1,21.956000000000003,0,2023,12,0,177,181
0,13,1,0,389.6,75.77,14.880999999999998,20,3,1,18.843,0,2022,4,2,80,71
4,3,0,1,322.40000000000003,54.89,70.23049999999999,5,1,0,70.884,0,2022,4,1,54,49
4,18,2,0,320.0,44.56,22.321499999999997,25,0,0,26.642,1,2023,11,0,53,40
2,15,0,3,259.2,111.3,65.297,25,1,0,66.825,3,2022,1,0,95,106
0,19,4,0,380.8,341.61,11.729999999999999,10,0,0,13.816000000000003,3,2023,1,3,338,337
1,17,1,1,341.6,408.59,101.913,15,3,1,99.83600000000001,0,2023,6,1,411,396
0,19,4,2,87.2,36.27,65.23949999999999,20,2,0,62.623000000000005,1,2022,3,3,33,31
2,13,0,2,296.8,358.42,90.61999999999999,5,2,0,90.44200000000001,0,2022,7,4,344,342
3,13,1,1,212.0,129.18,28.9915,20,3,1,28.435000000000002,0,2023,12,5,122,124
3,19,4,3,302.40000000000003,331.94,34.661,10,1,1,36.894000000000005,2,2022,9,5,317,317
3,14,2,0,52.0,25.62,12.443,5,1,1,7.799,0,2022,5,6,21,22
4,0,0,0,358.40000000000003,75.25,73.301,5,2,1,75.339,2,2022,6,6,69,71
1,15,4,1,354.40000000000003,381.23,16.352999999999998,20,1,1,13.068000000000001,2,2022,11,2,372,367
0,12,4,0,183.20000000000002,222.79,36.31699999999999,15,0,0,34.903000000000006,1,2023,12,4,218,207
2,18,1,2,200.8,65.65,24.1615,15,1,1,18.26,1,2023,8,6,73,61
4,11,2,0,208.0,32.51,90.79249999999999,25,2,1,82.69800000000001,3,2022,7,3,40,29
2,6,3,1,151.20000000000002,-1.58,59.547,20,0,1,59.35600000000001,0,2022,10,4,1,5
1,12,2,1,393.6,101.98,70.57549999999999,5,2,0,70.697,3,2023,4,1,101,96
3,11,2,1,272.8,188.21,86.05449999999999,15,0,0,80.86100000000002,2,2023,4,0,179,185
3,5,3,3,49.6,39.21,106.43249999999999,10,0,1,100.485,2,2023,1,5,38,31
2,1,3,3,146.4,112.46,45.275499999999994,25,3,1,48.752,1,2022,7,1,96,106
4,14,3,3,142.4,64.57,13.869,10,2,0,9.636000000000001,1,2022,3,6,50,59
1,18,3,1,163.20000000000002,135.74,16.5485,20,1,1,15.026000000000002,0,2022,3,2,123,131
3,2,0,1,341.6,99.88,64.837,15,2,0,65.89,3,2023,12,4,108,94
1,6,2,3,370.40000000000003,356.41,65.366,20,2,1,59.510000000000005,1,2023,2,5,343,349
2,1,2,3,58.400000000000006,63.57,25.426499999999997,5,3,1,24.233000000000004,0,2023,9,5,65,51
4,9,4,0,274.40000000000003,167.73,114.32149999999999,20,2,0,105.97400000000002,0,2023,9,5,163,159
4,3,3,0,320.0,3.67,112.746,10,0,1,105.14900000000002,1,2023,8,1,3,5
4,11,1,2,319.20000000000005,69.68,51.72699999999999,25,0,1,49.181000000000004,0,2022,9,3,64,65
4,8,1,2,372.0,43.44,39.2035,20,2,0,36.916000000000004,1,2022,4,1,50,38
1,10,0,1,160.8,203.11,64.952,15,3,1,59.82900000000001,0,2022,5,3,199,188
4,7,3,1,85.60000000000001,53.88,39.651999999999994,20,2,0,37.873000000000005,0,2023,2,3,39,50
3,5,4,2,227.20000000000002,187.94,76.2335,10,2,1,67.89200000000001,3,2023,7,6,192,184
3,13,2,0,372.8,233.49,16.261,20,3,1,14.498000000000001,3,2022,12,4,224,229
0,5,1,1,114.4,147.93,95.34649999999999,5,0,0,89.122,2,2023,10,4,142,132
4,12,3,3,248.8,183.66,107.77799999999999,5,3,1,102.89400000000002,1,2023,6,1,167,180
1,16,4,2,206.4,127.59,96.416,25,1,0,92.96100000000001,1,2022,3,0,136,123
1,0,1,1,40.800000000000004,35.18,21.528,25,2,1,15.994,1,2023,7,5,32,30
2,6,1,1,202.4,89.09,65.75699999999999,20,3,1,67.67200000000001,3,2023,9,5,85,83
3,11,0,3,140.0,167.55,43.711499999999994,10,0,0,43.054,1,2023,8,0,171,152
1,17,2,0,189.60000000000002,162.29,50.427499999999995,5,0,1,46.134,0,2022,8,0,167,159
4,18,1,1,187.20000000000002,179.61,57.787499999999994,15,1,0,53.35,3,2022,11,1,188,173
0,13,4,0,179.20000000000002,10.33,76.67049999999999,25,0,1,77.781,2,2022,4,5,8,10
4,11,1,0,369.6,83.42,43.608,10,2,1,43.219,0,2023,2,6,68,78
3,4,3,3,179.20000000000002,206.71,108.46799999999999,5,3,1,102.43200000000002,0,2023,7,4,197,189
4,0,2,2,160.8,69.53,91.36749999999999,25,3,1,83.31400000000001,3,2022,8,0,66,65
4,11,3,0,236.0,175.7,97.41649999999998,15,3,0,98.483,0,2023,10,1,173,171
3,6,0,2,312.8,295.59,111.21649999999998,15,2,0,111.21000000000001,2,2023,7,6,278,289
1,9,3,2,380.8,2.66,42.7915,10,3,1,46.288000000000004,2,2022,6,2,3,7
2,17,3,0,251.20000000000002,171.89,31.555999999999997,5,3,1,25.531000000000002,0,2022,2,4,156,166
3,12,3,2,309.6,54.63,13.420499999999999,10,2,0,13.937000000000001,2,2022,1,1,37,50
4,9,3,2,56.0,42.56,54.107499999999995,5,0,0,51.81,2,2023,11,3,27,37
0,8,1,0,252.8,11.07,100.464,15,1,1,93.00500000000001,2,2023,1,0,2,10
2,11,1,1,257.6,127.29,108.91649999999998,15,1,0,101.69500000000001,1,2023,12,1,125,123
3,1,2,2,64.8,58.28,72.5535,5,2,0,66.22000000000001,1,2022,4,4,48,52
1,19,1,0,64.0,71.32,75.47449999999999,20,1,0,67.265,0,2022,9,3,56,59
3,18,1,0,262.40000000000003,237.14,16.042499999999997,5,1,0,18.348000000000003,1,2022,11,6,230,233
3,3,0,2,373.6,425.2,28.1865,10,3,0,24.431000000000004,1,2022,1,3,416,409
3,6,2,2,368.8,317.51,83.77749999999999,5,2,0,76.06500000000001,2,2023,4,1,300,313
0,10,2,2,199.20000000000002,155.09,79.672,10,0,0,79.14500000000001,3,2022,8,6,147,149
3,9,4,2,351.20000000000005,440.38,66.87249999999999,5,1,0,69.432,3,2022,5,1,433,423
2,16,3,3,368.8,84.68,41.95199999999999,20,0,1,35.739000000000004,2,2023,12,1,72,81
4,17,1,3,242.4,112.34,58.512,20,2,1,60.159,3,2022,10,1,93,106
0,18,0,3,175.20000000000002,28.39,32.119499999999995,5,0,1,30.294,3,2022,5,2,35,24
2,2,1,0,297.6,27.43,30.854499999999994,25,2,1,34.32,0,2023,1,4,25,22
0,6,2,3,264.0,266.66,13.225,15,2,0,14.498000000000001,3,2023,12,5,267,259
4,3,1,0,88.80000000000001,114.17,41.492,25,2,0,43.351,0,2023,8,6,107,98
1,18,1,2,260.0,283.82,98.6355,10,2,0,97.77900000000001,2,2023,11,5,271,269
1,4,0,2,178.4,152.99,49.8985,25,1,0,49.56600000000001,1,2022,7,6,158,148
1,15,2,1,243.20000000000002,216.92,69.91999999999999,15,0,1,69.113,1,2022,3,1,217,212
3,1,1,1,104.80000000000001,47.73,102.89049999999999,5,1,1,97.9,1,2023,9,4,28,41
1,3,0,1,307.20000000000005,335.1,73.57699999999998,5,3,0,66.07700000000001,2,2022,11,4,331,321
0,4,1,0,358.40000000000003,8.83,73.048,20,0,0,69.36600000000001,1,2023,8,4,7,10
3,10,2,3,118.4,48.9,91.87349999999999,10,1,1,89.738,3,2023,1,5,30,43
1,15,1,2,216.8,44.3,69.65549999999999,15,1,0,71.093,1,2022,11,0,40,40
1,6,2,3,370.40000000000003,356.41,65.366,20,2,1,59.510000000000005,1,2023,2,5,343,349
3,5,3,0,177.60000000000002,80.97,32.4415,10,3,1,27.643,3,2023,3,2,63,75
3,7,4,0,320.8,356.12,107.3755,5,1,0,105.85300000000001,1,2023,4,0,352,341
3,11,2,3,258.40000000000003,161.54,65.9065,20,1,1,57.970000000000006,3,2023,11,0,171,156
2,1,2,0,278.40000000000003,153.75,73.3355,5,0,0,66.869,2,2023,10,6,154,149
2,18,4,0,100.0,135.83,113.1485,25,3,0,111.16600000000001,0,2022,9,4,122,116
4,13,0,3,51.2,47.6,114.13749999999999,10,0,0,107.59100000000001,1,2023,6,2,37,38
0,7,4,2,148.0,47.63,22.7355,15,0,1,18.909000000000002,3,2023,10,0,38,42
2,13,0,1,117.60000000000001,118.84,108.45649999999999,25,3,0,105.80900000000001,2,2022,9,3,112,104
2,10,2,2,173.60000000000002,229.09,82.92649999999999,15,0,1,76.56,0,2023,11,4,215,212
0,1,4,1,299.2,250.96,57.6035,15,2,0,57.002,0,2022,1,4,236,245
3,9,2,1,51.2,9.87,95.95599999999999,15,1,1,93.68700000000001,2,2022,2,4,8,9
1,3,2,0,98.4,75.06,48.80599999999999,20,1,0,48.257,3,2022,9,0,71,71
3,2,0,1,202.4,129.61,62.7095,10,2,0,61.864000000000004,0,2022,10,3,122,124
4,7,2,1,330.40000000000003,18.72,59.616,20,1,1,55.363,0,2022,3,1,17,14
2,1,0,2,399.20000000000005,9.12,24.863,20,2,0,27.115000000000002,0,2022,2,0,12,10
4,14,1,2,388.8,425.74,40.1235,10,3,0,39.182,3,2023,9,4,406,410
3,9,3,0,211.20000000000002,221.71,83.2945,15,1,1,77.671,1,2023,2,0,207,208
3,8,2,1,50.400000000000006,51.78,68.11449999999999,15,1,1,67.21000000000001,2,2022,1,5,40,43
2,17,2,2,47.2,31.07,41.1815,5,2,0,35.959,0,2023,10,3,37,27
0,0,0,1,315.20000000000005,213.45,28.036999999999995,5,2,0,24.541,2,2023,8,6,204,208
1,18,1,2,90.4,25.62,47.15,5,3,0,40.52400000000001,2,2023,11,1,23,21
2,12,3,0,124.80000000000001,-2.24,23.413999999999998,20,2,0,18.139,1,2023,10,4,4,4
1,16,4,0,144.8,92.51,82.869,5,2,1,79.893,1,2022,12,5,80,87
0,9,0,3,357.6,51.08,101.90149999999998,25,2,1,94.85300000000001,0,2023,11,2,49,46
1,0,3,2,311.20000000000005,265.85,93.42599999999999,20,0,1,86.60300000000001,1,2022,3,4,263,261
4,14,4,1,131.20000000000002,109.99,26.197,25,1,0,29.612000000000005,3,2023,1,4,109,105
4,5,2,0,360.8,447.48,52.785,20,1,1,46.123000000000005,0,2022,4,5,430,430
0,1,2,2,192.8,12.4,71.00099999999999,15,1,1,66.95700000000001,3,2022,9,4,2,11
4,8,0,3,103.2,43.14,11.902499999999998,20,3,1,12.793000000000001,1,2022,8,1,52,38
0,4,1,0,262.40000000000003,315.9,97.359,10,3,1,96.96500000000002,2,2023,8,2,323,303
1,2,3,0,124.0,118.88,63.445499999999996,20,0,0,57.882000000000005,1,2023,7,0,115,112
3,12,2,2,359.20000000000005,26.29,58.397,25,2,0,50.38,1,2023,10,0,12,22
1,11,3,0,128.8,116.86,44.70049999999999,15,2,1,46.09,3,2023,11,1,113,112
3,8,2,3,365.6,44.16,42.181999999999995,20,2,1,40.678,3,2023,2,0,48,40
4,12,1,2,347.20000000000005,62.06,78.26899999999999,25,2,1,73.72200000000001,2,2023,8,6,50,56
2,10,4,0,324.0,142.13,13.696499999999999,15,0,1,10.879000000000001,1,2022,11,2,123,137
0,0,4,2,137.6,18.85,72.335,25,1,0,69.476,0,2022,11,1,24,14
4,19,2,0,352.0,307.74,91.89649999999999,5,1,0,85.56900000000002,2,2022,11,6,309,304
4,3,0,2,384.8,269.61,33.5455,25,0,0,31.493000000000002,3,2023,10,2,264,265
2,7,4,2,366.40000000000003,221.61,12.304999999999998,10,1,1,15.411000000000001,1,2023,12,5,205,217
4,11,3,3,306.40000000000003,121.68,81.0865,15,0,0,77.45100000000001,3,2023,11,3,128,117
4,4,2,1,133.6,105.34,75.76199999999999,15,3,1,67.474,2,2023,12,6,95,100
3,10,2,1,244.0,304.09,27.2665,25,0,1,25.729000000000003,3,2023,5,3,298,287
3,4,4,2,66.4,80.12,111.87199999999999,15,0,0,108.44900000000001,2,2023,8,5,68,65
2,6,4,0,277.6,-3.29,62.583,25,2,1,63.51400000000001,3,2022,4,5,5,3
3,6,3,2,233.60000000000002,237.84,12.408499999999998,20,0,1,17.028000000000002,2,2022,4,6,242,228
0,10,2,1,378.40000000000003,112.22,93.61,15,3,1,84.656,2,2022,4,3,104,107
4,14,3,0,41.6,9.12,106.45549999999999,10,2,0,98.681,2,2022,3,3,14,8
3,17,3,1,236.8,24.47,55.9245,15,2,1,48.752,0,2023,5,0,15,19
4,16,4,1,250.4,48.43,94.95549999999999,15,0,0,92.15800000000002,0,2024,1,0,51,43
1,10,0,3,388.0,292.19,35.327999999999996,5,2,1,34.034000000000006,2,2022,6,0,274,288
4,2,4,3,294.40000000000003,103.77,46.827999999999996,25,3,1,45.419000000000004,1,2023,1,4,90,99
3,7,0,0,320.0,1.35,11.6495,25,1,0,10.428,0,2023,6,2,4,6
1,19,4,1,250.4,124.01,113.24049999999998,5,3,1,104.764,0,2022,12,4,122,116
2,17,1,0,226.4,63.14,83.65099999999998,15,1,1,82.20300000000002,0,2022,10,5,49,58
2,19,1,0,144.8,53.95,24.529499999999995,25,1,0,20.526000000000003,1,2022,5,3,54,50
3,10,2,0,121.60000000000001,158.88,46.954499999999996,15,3,0,44.957,1,2023,6,5,142,142
3,12,3,2,78.4,33.6,46.75899999999999,10,2,0,46.970000000000006,1,2022,6,5,42,30
3,11,3,0,218.4,241.44,35.0865,15,0,0,38.071000000000005,2,2022,12,4,226,226
3,15,2,0,97.60000000000001,40.13,114.28699999999999,25,2,0,113.34400000000002,0,2022,3,3,26,29
3,3,2,3,210.4,207.57,52.830999999999996,20,1,1,49.522000000000006,2,2022,4,2,192,199
1,13,4,3,229.60000000000002,110.95,12.7995,5,3,0,12.463000000000001,0,2022,4,5,119,106
4,18,0,1,167.20000000000002,21.2,52.083499999999994,10,2,1,48.93900000000001,1,2022,9,3,30,16
2,5,3,1,123.2,55.4,79.442,5,0,1,79.54100000000001,0,2022,5,2,61,50
0,3,2,3,195.20000000000002,215.39,75.7965,15,0,0,74.976,3,2022,4,2,201,203
1,16,1,3,94.4,33.38,47.62149999999999,25,1,1,44.792,0,2023,10,1,39,30
4,4,4,0,176.0,24.8,65.7225,5,3,0,67.309,3,2022,5,1,14,19
0,16,4,3,59.2,65.43,59.12149999999999,5,0,0,58.267,3,2022,8,4,57,54
3,9,4,0,380.8,73.86,23.7705,15,3,1,20.086000000000002,0,2023,4,4,66,68
3,18,0,0,239.20000000000002,24.47,53.555499999999995,15,0,0,53.251,2,2023,9,2,5,19
4,14,2,3,217.60000000000002,268.0,113.53949999999999,25,3,1,106.19400000000002,2,2022,6,3,250,252
4,7,1,0,156.0,25.07,87.35399999999998,20,3,1,85.943,2,2022,6,5,20,21
1,8,1,3,156.0,22.21,59.178999999999995,25,2,0,53.537000000000006,3,2022,11,6,14,17
3,2,1,3,258.40000000000003,132.38,95.79499999999999,10,2,1,95.85400000000001,1,2023,6,4,115,127
4,16,2,3,280.0,293.05,68.609,25,0,0,68.409,0,2022,3,1,292,279
1,13,3,0,272.8,176.06,82.60449999999999,20,1,0,82.742,1,2023,3,4,160,171
2,5,1,3,398.40000000000003,103.56,90.96499999999999,15,0,0,82.97300000000001,2,2022,6,6,103,99
1,18,3,1,213.60000000000002,18.33,92.09199999999998,10,0,1,84.12800000000001,2,2023,6,4,7,14
2,6,1,0,378.40000000000003,127.22,65.987,5,0,1,67.804,0,2023,11,1,130,123
0,11,4,1,159.20000000000002,163.07,103.59199999999998,25,1,0,94.88600000000001,3,2022,8,4,149,151
3,0,4,0,187.20000000000002,98.86,61.157,5,0,1,63.04100000000001,1,2023,7,1,94,93
0,14,4,2,101.60000000000001,106.36,45.931,5,1,0,44.979000000000006,0,2023,1,0,93,94
0,18,0,2,168.0,11.88,66.723,15,1,1,63.602000000000004,1,2022,10,6,0,10
1,6,1,2,244.0,143.85,19.641999999999996,10,0,1,20.581000000000003,0,2022,3,2,136,137
4,6,4,3,168.0,190.37,112.37799999999999,10,0,0,103.543,3,2022,12,3,196,175
0,10,1,0,129.6,62.15,80.7645,25,0,1,74.558,3,2023,11,0,55,57
2,2,2,0,83.2,14.43,87.30799999999999,10,2,0,81.818,0,2022,11,1,6,12
3,13,0,0,148.0,143.05,98.06049999999999,5,0,1,94.84200000000001,2,2023,10,4,138,136
2,0,4,3,290.40000000000003,147.02,43.42399999999999,25,3,0,37.015,0,2022,12,6,157,142
4,9,1,2,169.60000000000002,105.14,102.72949999999999,15,0,0,95.75500000000001,0,2023,3,2,95,99
0,15,2,1,292.0,165.59,83.34049999999999,25,1,0,84.304,3,2022,2,3,159,161
1,2,4,3,369.6,186.29,102.235,10,0,0,97.768,0,2022,9,3,190,181
0,6,0,1,66.4,63.87,81.8225,15,2,1,77.781,1,2023,9,1,49,56
3,12,4,0,189.60000000000002,64.92,56.10849999999999,10,2,1,50.215,0,2022,10,1,59,60
3,18,2,1,400.0,124.16,70.2535,5,0,1,70.82900000000001,2,2022,1,3,108,119
2,7,3,0,203.20000000000002,245.76,112.35499999999999,15,3,1,110.94600000000001,0,2023,3,3,244,228
3,5,2,3,122.4,106.9,100.533,5,0,0,101.44200000000001,3,2022,2,6,114,101
1,14,0,3,253.60000000000002,307.62,31.555999999999997,25,1,1,30.976000000000003,0,2023,7,1,301,293
3,9,1,1,47.2,70.45,53.45199999999999,15,3,0,50.853,0,2023,4,6,52,54
3,18,4,1,164.0,70.56,48.622,15,3,0,43.725,1,2023,2,6,68,66
4,12,0,0,276.8,249.43,66.9185,15,2,0,61.589000000000006,0,2023,11,2,249,244
3,16,2,3,120.80000000000001,125.95,47.73649999999999,15,1,1,41.668000000000006,0,2023,10,4,135,114
2,14,3,1,354.40000000000003,287.82,45.126,25,2,1,42.17400000000001,2,2023,1,6,292,283
3,18,3,1,274.40000000000003,181.92,76.383,15,1,0,74.316,2,2022,11,2,186,176
1,19,3,0,268.0,157.42,80.017,15,2,0,73.88700000000001,2,2023,6,4,166,153
4,17,0,3,212.8,132.61,47.207499999999996,25,2,0,43.285000000000004,1,2023,10,5,118,127
2,12,4,3,186.4,152.32,85.45649999999999,10,1,1,83.039,1,2022,6,0,161,148
4,13,0,1,96.0,29.03,114.655,10,2,0,112.552,0,2023,1,1,18,18
3,15,2,1,289.6,99.14,32.958999999999996,25,0,1,30.657000000000004,0,2022,11,1,83,94
4,1,4,1,191.20000000000002,193.46,53.382999999999996,25,0,0,47.333000000000006,0,2023,9,1,196,183
4,13,0,1,293.6,273.11,67.5855,20,2,0,64.075,1,2022,4,4,275,269
4,10,2,3,153.60000000000002,108.44,60.88099999999999,15,0,1,58.894000000000005,0,2023,10,1,90,103
0,16,0,1,91.2,56.2,110.14699999999999,20,2,1,107.459,3,2022,9,5,38,48
2,11,0,1,257.6,211.77,106.8695,20,3,1,103.147,2,2023,11,0,197,206
4,11,1,2,227.20000000000002,17.82,104.73049999999998,25,3,1,97.141,3,2022,5,6,6,12
1,3,2,3,60.0,41.28,32.705999999999996,5,2,1,27.500000000000004,2,2022,12,6,42,36
4,17,0,0,163.20000000000002,126.04,23.356499999999997,20,0,1,27.467000000000002,0,2022,8,0,130,121
2,17,1,0,200.0,-5.1,79.78699999999999,15,2,1,73.28200000000001,3,2022,9,3,2,3
1,14,4,0,145.6,58.27,52.497499999999995,10,3,1,45.419000000000004,2,2022,11,6,55,53
2,18,0,3,159.20000000000002,102.94,37.535999999999994,15,1,1,38.885000000000005,1,2023,3,4,94,98
1,12,0,2,312.8,313.79,25.806,20,2,1,29.150000000000002,1,2022,2,0,316,304
3,4,3,1,89.60000000000001,68.45,15.1915,10,0,1,15.444,2,2023,1,1,56,64
1,11,1,2,137.6,73.43,86.7905,5,2,1,86.39400000000002,1,2022,2,5,63,68
2,5,2,2,267.2,155.51,79.72949999999999,20,3,1,74.459,1,2022,2,0,141,151
4,1,3,0,266.40000000000003,293.23,80.05149999999999,10,1,0,76.901,0,2023,5,0,279,279
0,2,1,1,106.4,87.71,73.5425,25,0,1,75.06400000000001,2,2022,5,5,86,83
3,12,0,1,279.2,251.11,82.25949999999999,20,0,0,76.417,2,2023,7,0,261,245
0,19,0,1,303.2,17.92,113.20599999999999,15,0,0,113.058,1,2023,10,4,19,12
2,14,1,0,284.8,156.37,55.6025,20,1,1,48.95,0,2023,2,0,138,152
3,1,3,1,114.4,94.25,61.421499999999995,20,1,1,55.946000000000005,0,2023,11,0,83,88
2,7,0,0,377.6,191.19,29.106499999999997,10,2,1,26.543000000000003,2,2022,1,6,191,187
1,18,3,2,188.8,105.41,98.69299999999998,5,2,0,89.155,2,2022,11,5,101,100
1,2,2,1,232.8,145.48,75.31349999999999,20,0,0,75.306,1,2023,4,6,127,140
1,3,3,3,389.6,464.31,16.3875,5,1,1,13.871,1,2022,10,3,459,450
0,7,4,1,204.0,84.51,29.761999999999997,10,2,1,23.628000000000004,0,2022,12,4,91,81
1,0,4,2,160.8,124.55,71.0585,5,3,1,65.43900000000001,3,2023,9,2,128,118
2,18,2,2,360.8,293.32,22.6205,20,1,0,25.85,0,2023,3,2,274,289
1,14,3,0,148.0,35.63,46.5635,25,0,0,40.59,0,2022,10,5,41,31
1,10,2,0,324.0,22.58,73.68049999999998,10,0,0,65.802,0,2022,8,6,16,17
4,5,0,1,159.20000000000002,89.36,63.21549999999999,5,3,1,64.911,0,2023,12,6,85,84
2,6,4,3,92.0,99.58,19.653499999999998,5,0,0,17.490000000000002,0,2023,12,4,100,86
2,2,3,2,54.400000000000006,27.63,30.5555,25,1,1,32.78,0,2022,12,3,20,22
4,1,4,3,260.0,309.55,114.264,5,2,1,108.35000000000001,3,2023,4,3,291,297
2,19,1,0,186.4,209.42,59.36299999999999,5,1,1,51.865,0,2022,5,3,195,195
4,3,0,2,117.60000000000001,122.0,64.124,10,3,0,58.42100000000001,3,2022,5,5,128,110
3,12,3,2,44.0,27.6,58.696,10,2,1,60.148,2,2022,6,1,26,22
1,13,4,1,41.6,21.38,69.05749999999999,10,1,0,70.114,1,2023,8,0,6,15
3,8,4,1,172.8,213.41,85.606,25,3,1,85.00800000000001,2,2022,9,0,212,199
4,8,0,2,137.6,97.68,60.71999999999999,20,2,0,60.346000000000004,2,2022,12,0,91,92
1,3,4,1,342.40000000000003,19.61,61.800999999999995,20,0,0,62.88700000000001,0,2023,12,2,16,14
0,5,0,3,308.8,369.61,23.931499999999996,20,3,1,25.432000000000002,2,2023,12,5,357,352
0,5,1,3,227.20000000000002,118.14,111.25099999999999,25,0,0,102.355,1,2023,8,3,107,113
0,4,0,2,48.0,10.41,109.4225,5,2,1,105.072,3,2023,2,6,20,6
4,7,2,3,385.6,131.97,94.622,15,0,1,95.94200000000001,2,2022,8,2,117,127
1,8,4,3,149.6,137.89,81.949,25,0,1,81.93900000000001,0,2023,1,5,119,132
0,9,1,0,137.6,99.19,62.491,5,2,1,64.394,1,2023,6,5,91,93
3,3,1,1,59.2,59.56,79.0165,15,3,1,78.14400000000002,0,2023,12,0,54,51
4,12,2,3,240.0,232.4,100.602,15,0,1,97.438,1,2022,9,4,226,227
0,2,1,2,291.2,245.38,92.5405,5,1,1,90.65100000000001,2,2023,9,4,253,240
2,8,2,1,144.0,48.7,64.06649999999999,10,0,1,64.328,1,2022,11,6,52,43
2,16,4,2,270.40000000000003,250.72,23.183999999999997,25,2,1,24.585000000000004,1,2023,5,1,243,245
1,8,4,1,108.0,38.58,97.80749999999999,20,0,1,97.372,0,2023,10,1,33,33
1,2,1,3,68.0,80.31,49.242999999999995,5,2,1,43.329,0,2022,1,4,72,67
3,8,1,3,111.2,26.77,33.683499999999995,25,1,0,31.196,2,2022,1,4,31,22
1,18,4,3,182.4,153.27,104.93749999999999,10,3,0,97.251,3,2023,1,6,154,148
4,9,3,3,213.60000000000002,203.0,40.1005,25,3,1,43.516000000000005,3,2023,10,2,186,196
4,18,2,3,279.2,285.06,19.549999999999997,20,1,0,22.638,3,2023,10,1,273,272
2,17,1,1,143.20000000000002,143.96,76.40599999999999,10,1,0,69.641,0,2023,4,2,134,134
1,7,2,2,322.40000000000003,404.63,108.38749999999999,15,0,1,106.766,2,2023,6,3,394,388
3,4,0,3,332.8,295.22,51.3245,10,2,1,43.846000000000004,3,2022,3,3,288,290
4,6,2,1,325.6,190.4,76.1875,15,0,0,74.98700000000001,1,2022,3,1,187,186
4,13,1,0,62.400000000000006,62.72,32.76349999999999,20,3,1,27.181000000000004,0,2022,12,4,50,53
2,4,1,0,132.8,147.05,35.2705,15,1,0,28.688,1,2023,8,5,140,132
4,8,3,2,140.8,185.77,95.0015,25,0,0,90.662,1,2023,12,0,167,171
1,10,2,1,47.2,54.81,112.18249999999999,5,0,1,106.634,0,2022,10,5,59,43
2,4,4,0,138.4,34.59,44.3555,25,2,1,40.315000000000005,3,2022,12,6,23,30
2,14,0,1,304.0,377.36,39.007999999999996,5,0,1,37.367000000000004,1,2023,7,0,370,359
0,1,4,1,256.8,197.73,83.60499999999999,20,0,0,84.37,0,2023,11,4,199,194
4,16,3,0,184.8,26.67,85.583,10,0,0,81.24600000000001,2,2022,1,2,15,22
4,13,2,1,61.6,46.13,104.55799999999999,10,0,0,103.697,3,2022,10,3,32,40
3,4,0,0,270.40000000000003,166.89,55.38399999999999,10,0,1,51.480000000000004,1,2022,9,5,149,163
0,2,4,1,255.20000000000002,215.31,108.606,25,2,1,100.49600000000001,0,2023,7,2,206,210
2,9,1,0,88.0,106.22,90.344,10,3,0,84.89800000000001,3,2023,1,1,100,91
3,7,0,3,156.8,97.44,12.925999999999998,20,2,0,9.350000000000001,3,2023,2,0,86,93
1,15,4,0,276.0,142.58,93.96649999999998,20,3,0,90.046,2,2023,3,3,134,138
1,19,2,2,358.40000000000003,176.94,101.79799999999999,15,0,1,102.168,2,2023,12,6,158,170
4,7,4,1,95.2,26.37,104.949,25,0,1,99.59400000000001,1,2023,1,4,19,17
3,17,3,3,114.4,27.3,19.2395,10,0,1,20.669,1,2022,1,5,8,23
3,16,4,3,106.4,43.5,96.11699999999999,20,0,0,87.23,1,2022,11,4,47,37
3,7,3,3,348.8,128.79,56.879,5,1,0,55.803000000000004,0,2023,5,4,111,124
2,12,4,3,146.4,38.53,68.862,20,1,1,68.69500000000001,2,2023,11,4,34,33
0,13,4,1,218.4,33.92,15.501999999999999,5,1,1,19.239,2,2023,4,5,26,29
4,10,3,2,391.20000000000005,160.1,58.25899999999999,10,2,0,58.344,3,2023,10,6,150,156
0,16,4,0,337.6,38.11,27.438999999999997,20,1,0,28.974000000000004,0,2023,1,3,46,33
2,0,0,3,311.20000000000005,43.7,75.64699999999999,25,2,1,68.79400000000001,0,2023,12,1,38,38
3,12,4,2,234.4,112.07,36.248,15,2,0,35.816,0,2023,8,4,121,107
0,1,2,1,228.8,91.66,92.02299999999998,20,0,0,88.59400000000001,0,2023,12,1,80,86
0,17,0,0,97.60000000000001,72.9,78.10799999999999,10,2,1,74.70100000000001,1,2023,7,1,71,68
1,19,3,0,371.20000000000005,232.12,55.407,20,3,1,53.46000000000001,0,2022,8,5,223,228
2,1,2,3,58.400000000000006,63.57,25.426499999999997,5,3,1,24.233000000000004,0,2023,9,5,65,51
0,17,2,2,241.60000000000002,265.85,67.252,25,1,0,66.165,0,2022,8,2,274,251
2,6,4,0,398.40000000000003,451.91,74.46249999999999,10,1,0,74.459,2,2023,7,4,434,437
1,9,1,2,352.0,438.37,23.850999999999996,15,0,0,24.332000000000004,3,2023,8,4,419,419
4,11,1,3,344.0,373.75,27.645999999999997,25,0,0,28.457000000000004,3,2023,1,4,362,358
3,6,1,1,178.4,159.99,20.8265,25,0,1,15.136000000000001,3,2022,9,4,151,156
2,1,4,1,367.20000000000005,276.15,29.485999999999997,5,1,1,31.405000000000005,1,2022,9,0,266,271
2,0,1,2,120.0,26.52,28.3935,20,3,0,23.287000000000003,0,2022,1,6,16,21
1,15,4,2,328.0,107.1,73.462,25,1,0,67.397,0,2022,7,5,105,103
1,8,1,2,269.6,13.66,35.995,25,1,0,39.62200000000001,0,2022,9,0,21,12
1,13,4,2,385.6,158.97,36.8805,25,1,0,40.557,0,2023,9,5,157,154
0,10,2,0,172.0,16.92,61.916,5,0,1,59.169000000000004,1,2022,1,6,12,13
3,17,0,2,53.6,46.09,20.125,10,3,1,23.551000000000002,2,2023,1,1,31,40
4,6,4,1,88.0,38.87,51.956999999999994,15,2,0,46.101,0,2023,1,2,33,34
1,14,0,2,288.0,163.5,32.671499999999995,15,1,1,33.748000000000005,2,2023,11,0,152,159
4,13,4,3,393.6,413.23,34.9255,5,3,0,36.894000000000005,1,2022,8,2,418,400
0,8,3,2,359.20000000000005,208.37,101.591,20,1,1,101.05700000000002,3,2022,10,4,204,202
1,1,2,0,324.0,294.75,48.8635,10,0,0,43.538000000000004,1,2023,12,1,275,290
0,3,2,2,356.8,97.22,74.93399999999998,5,3,0,68.552,1,2022,6,5,104,93
1,12,1,0,228.8,51.69,100.671,15,3,1,98.45,2,2022,11,2,55,46
1,18,3,3,59.2,59.72,49.25449999999999,5,3,0,50.435,3,2023,12,5,49,51
2,5,2,3,144.0,112.33,108.66349999999998,20,3,1,103.664,0,2023,6,4,115,106
0,0,4,1,383.20000000000005,447.29,70.14999999999999,25,3,0,70.95,0,2023,3,0,441,432
3,2,1,1,272.0,255.98,113.61999999999999,10,0,1,110.06600000000002,3,2023,9,2,264,247
3,9,2,3,122.4,41.68,73.094,10,2,0,68.629,2,2023,5,5,37,36
4,7,0,0,174.4,138.68,106.16799999999998,15,1,1,96.47000000000001,1,2022,5,0,134,133
3,4,4,0,280.0,224.55,12.328,20,1,0,11.814000000000002,0,2023,6,4,209,220
3,1,0,2,46.400000000000006,31.65,44.3555,15,1,0,47.861000000000004,0,2022,2,5,14,27
1,9,2,1,351.20000000000005,314.97,94.67949999999999,5,3,0,85.492,2,2023,5,1,299,311
0,3,0,3,244.0,251.76,112.03299999999999,5,2,0,110.143,2,2023,8,5,255,246
2,16,0,1,351.20000000000005,89.28,107.663,20,3,1,100.771,3,2023,8,4,99,84
3,7,2,1,317.6,324.94,46.23,10,1,0,39.38,2,2022,10,5,314,314
4,13,1,1,316.0,39.17,80.6035,5,0,1,74.26100000000001,0,2023,12,5,28,34
1,10,1,1,72.8,71.48,30.5555,25,0,1,30.184000000000005,1,2022,1,3,70,63
1,6,4,3,77.60000000000001,41.72,71.33449999999999,20,3,0,72.897,0,2022,10,5,33,37
3,7,3,0,132.8,145.05,98.2445,20,3,0,89.617,3,2022,4,5,148,131
4,11,3,0,384.0,259.8,90.597,25,0,0,82.863,0,2023,7,4,252,256
1,3,2,2,249.60000000000002,263.67,111.21649999999998,15,0,0,100.89200000000001,1,2023,12,5,257,250
4,6,1,2,76.80000000000001,104.93,67.689,20,1,1,65.593,0,2022,7,3,96,89
2,12,0,1,100.0,67.59,83.306,25,3,1,82.30199999999999,3,2023,9,4,49,63
1,12,1,2,298.40000000000003,208.64,24.747999999999998,10,3,0,26.642,1,2022,7,4,211,204
0,8,0,1,108.80000000000001,84.97,59.20199999999999,15,3,1,60.148,1,2022,3,0,92,80
1,13,4,1,160.0,39.01,55.7865,25,2,0,50.083000000000006,1,2022,6,5,29,34
4,14,3,1,124.0,58.5,112.37799999999999,20,1,0,111.29800000000002,3,2022,4,0,45,50
1,19,2,2,260.8,329.1,75.83099999999999,15,1,1,70.081,3,2022,3,0,321,313
1,11,1,1,200.0,134.24,108.54849999999999,15,1,1,103.763,2,2022,1,6,144,131
1,8,2,1,268.8,42.45,67.5855,5,0,1,68.321,0,2022,9,3,47,37
3,3,1,2,316.0,127.25,57.407999999999994,10,0,1,57.519000000000005,1,2022,11,2,112,123
2,6,1,0,137.6,59.39,64.998,15,2,1,60.59900000000001,2,2022,9,6,58,55
1,18,3,1,122.4,129.53,113.04499999999999,5,2,1,107.03,1,2023,12,4,112,114
0,13,4,1,244.8,262.46,16.79,15,1,0,20.504,0,2022,5,6,266,248
2,9,0,3,122.4,90.75,74.612,15,1,0,66.69300000000001,0,2022,6,1,76,86
4,0,0,2,273.6,271.16,87.538,5,0,1,85.778,3,2023,5,4,253,262
4,12,4,0,189.60000000000002,94.67,32.119499999999995,10,0,0,26.708000000000002,0,2022,11,4,103,90
4,19,4,1,245.60000000000002,218.6,105.02949999999998,5,1,1,97.13000000000001,0,2022,9,6,209,213
4,4,4,1,358.40000000000003,290.44,106.26,5,3,0,104.32400000000001,2,2023,10,1,281,285
3,11,0,0,288.8,126.38,40.0315,15,0,0,35.64,2,2022,4,5,131,122
0,13,1,0,392.0,146.92,74.37049999999999,5,3,0,65.923,0,2023,11,5,136,142
3,4,3,3,109.60000000000001,131.52,56.925,5,2,0,59.257000000000005,3,2022,3,2,124,117
0,3,1,3,42.400000000000006,20.38,79.47649999999999,10,1,1,80.41,2,2023,2,6,30,16
0,6,3,1,164.0,66.99,25.07,25,2,1,21.626,0,2023,8,4,49,61
1,8,1,0,308.0,38.8,111.8145,15,2,0,111.089,2,2022,11,1,24,30
4,0,1,2,161.60000000000002,23.52,15.570999999999998,10,1,1,12.507,0,2023,9,0,32,17
0,2,4,2,399.20000000000005,387.82,26.956,20,1,1,26.807000000000002,2,2023,5,5,368,380
1,15,4,0,160.0,110.85,78.60249999999999,15,3,1,80.245,3,2022,8,0,101,105
0,2,1,0,155.20000000000002,120.57,66.447,15,1,1,66.935,1,2023,2,3,101,115
1,12,2,3,70.4,78.99,57.442499999999995,20,0,0,54.67000000000001,1,2022,10,3,76,65
1,15,2,1,199.20000000000002,119.21,95.18549999999999,15,2,0,92.41100000000002,0,2022,11,0,108,114
0,17,3,0,116.80000000000001,100.86,87.80249999999998,10,2,1,84.39200000000001,0,2023,6,3,109,94
1,19,0,1,80.0,34.14,37.2255,10,3,1,30.217000000000002,0,2023,4,1,41,30
2,2,4,3,240.0,38.5,51.037,10,3,1,54.208000000000006,0,2023,2,2,45,33
4,19,1,0,236.8,239.6,79.3615,25,0,1,70.422,3,2022,6,5,226,229
2,6,1,0,281.6,162.66,46.21849999999999,20,2,0,48.89500000000001,3,2023,11,0,154,159
1,13,1,1,316.0,272.86,25.024,20,0,1,27.896,3,2023,12,6,273,269
3,6,1,0,137.6,108.57,56.7065,15,3,1,58.04700000000001,1,2023,5,4,94,103
3,19,3,0,159.20000000000002,157.72,58.90299999999999,5,1,1,61.567,0,2023,2,5,146,148
3,0,4,1,311.20000000000005,180.33,59.9955,25,1,0,58.36600000000001,3,2023,12,6,171,175
2,0,2,1,175.20000000000002,10.69,95.3005,5,2,0,92.785,2,2023,1,6,8,10
0,2,3,2,169.60000000000002,173.79,56.257999999999996,20,2,0,55.88,1,2022,6,0,155,161
0,10,4,3,378.40000000000003,18.45,109.9975,5,3,0,101.31,1,2022,9,5,22,12
2,1,4,0,212.0,21.19,54.1765,10,0,1,48.356,2,2023,3,6,20,15
3,4,0,3,95.2,36.58,114.0225,15,3,0,103.697,0,2022,6,5,35,30
3,1,1,2,268.8,176.4,58.98349999999999,10,0,1,51.568000000000005,1,2022,11,4,170,170
4,1,3,2,79.2,37.83,86.41099999999999,5,1,0,86.74600000000001,2,2022,1,4,40,34
2,19,4,0,315.20000000000005,164.6,85.307,15,1,1,83.56700000000001,0,2022,10,3,155,159
3,4,0,0,270.40000000000003,76.41,56.07399999999999,20,0,0,58.85,3,2022,6,1,57,72
4,14,2,1,108.0,115.85,69.74749999999999,15,0,0,61.776,2,2023,10,6,103,103
3,19,0,0,134.4,94.02,70.449,5,0,1,69.784,3,2022,5,3,86,87
0,14,3,3,314.40000000000003,129.85,59.592999999999996,25,0,0,56.397000000000006,3,2022,5,5,124,124
1,12,0,0,311.20000000000005,299.7,66.447,25,0,0,64.35000000000001,1,2022,1,5,283,292
0,16,1,3,388.0,16.23,69.21849999999999,5,0,0,70.62,0,2023,10,0,12,13
1,13,1,3,61.6,68.5,91.66649999999998,20,0,0,85.98700000000001,1,2023,3,3,72,57
2,1,0,3,225.60000000000002,134.34,13.3745,10,3,1,12.430000000000001,0,2023,7,3,143,130
4,16,1,2,133.6,21.35,73.62299999999999,5,2,1,75.11900000000001,0,2023,5,1,16,16
3,7,2,0,246.4,95.81,106.9155,25,0,0,99.209,1,2022,9,0,102,92
2,11,3,1,156.8,184.59,80.385,25,3,0,74.679,0,2023,11,2,194,171
0,2,1,2,51.2,64.83,94.208,10,3,0,94.45700000000001,3,2023,6,3,54,51
3,11,1,3,44.0,6.51,108.5945,20,1,0,102.311,1,2022,10,0,9,8
3,4,2,1,177.60000000000002,192.07,36.339999999999996,20,0,0,35.29900000000001,2,2023,11,5,196,179
0,14,0,3,367.20000000000005,68.17,68.6895,25,0,0,67.35300000000001,3,2023,12,1,60,64
3,14,3,2,338.40000000000003,95.5,84.502,5,1,0,84.7,1,2022,1,0,85,91
4,9,1,2,152.8,147.81,112.27449999999999,20,3,0,109.252,0,2023,5,4,145,137
3,2,2,2,108.80000000000001,75.51,107.732,10,0,0,100.24300000000001,2,2023,6,4,73,71
4,13,1,1,277.6,21.86,93.1845,5,3,0,88.418,2,2022,7,4,26,18
3,12,1,1,195.20000000000002,91.13,97.451,5,1,1,95.46900000000001,3,2022,7,0,73,85
1,5,1,2,76.0,11.98,89.6425,25,2,1,81.31200000000001,1,2023,5,5,17,11
0,1,0,2,44.0,24.11,49.530499999999996,15,0,1,46.101,0,2022,12,4,9,19
0,18,3,2,332.8,134.24,75.1755,20,0,0,76.92300000000002,3,2022,4,6,141,131
2,1,4,3,372.8,298.52,88.5615,15,1,0,79.926,3,2022,7,4,288,293
0,19,4,3,138.4,43.24,42.5845,10,2,1,41.074000000000005,0,2023,5,3,29,38
1,3,2,2,98.4,99.86,100.86649999999999,5,1,1,96.305,1,2022,6,3,95,88
2,12,4,0,92.80000000000001,56.73,59.3745,10,2,1,57.49700000000001,1,2023,12,0,39,52
1,8,2,3,328.0,372.04,93.541,5,2,1,84.304,1,2023,11,4,379,355
0,15,2,3,169.60000000000002,25.97,106.17949999999999,25,3,1,98.67000000000002,2,2022,9,1,24,20
0,3,2,1,342.40000000000003,208.84,92.5405,10,1,1,83.127,2,2022,10,2,196,204
4,15,1,3,212.0,110.9,28.6005,15,2,1,28.666,3,2023,8,4,97,105
0,17,2,1,136.0,168.38,19.618999999999996,5,3,0,14.102000000000002,2,2022,6,2,150,152
2,7,1,1,160.0,187.99,26.4615,15,0,0,22.792,3,2022,5,0,189,175
0,6,0,2,382.40000000000003,218.19,107.89299999999999,15,1,0,108.471,2,2023,3,0,204,211
1,0,0,0,380.0,377.39,79.2925,5,0,1,70.70800000000001,2,2022,6,3,369,370
4,2,1,0,264.8,72.82,22.034,25,2,0,22.154000000000003,2,2022,9,1,60,68
0,16,3,3,332.8,159.1,75.16399999999999,20,2,1,68.53,2,2022,6,2,157,153
1,13,4,2,294.40000000000003,345.91,83.55899999999998,25,2,0,77.209,1,2023,6,1,335,329
3,8,2,1,244.0,85.83,67.689,20,0,1,65.61500000000001,2,2023,4,5,71,82
2,10,0,2,220.8,177.51,106.122,25,1,0,101.90400000000001,3,2022,8,4,162,172
4,18,2,0,347.20000000000005,404.2,99.291,5,0,0,94.52300000000001,0,2023,1,5,385,390
3,2,2,2,295.2,23.47,31.774499999999996,5,0,1,30.822000000000003,0,2022,12,1,30,18
2,15,0,1,155.20000000000002,140.27,30.210499999999996,15,0,0,29.579000000000004,1,2022,8,4,146,136
2,4,0,3,70.4,34.81,56.349999999999994,20,1,0,53.21800000000001,0,2022,7,4,27,30
4,4,0,1,372.8,368.75,86.65249999999999,25,2,1,78.364,3,2022,12,3,364,361
0,5,0,1,93.60000000000001,101.72,103.00549999999998,25,2,1,97.504,0,2022,3,4,101,86
1,10,4,2,193.60000000000002,65.19,37.995999999999995,15,3,1,34.93600000000001,3,2023,8,2,52,61
3,2,1,0,122.4,38.64,83.306,20,3,0,76.73600000000002,2,2023,5,5,27,33
2,13,0,2,59.2,3.26,66.217,5,1,1,59.983000000000004,1,2023,1,5,3,6
3,8,3,0,135.20000000000002,169.7,62.306999999999995,5,0,0,55.561,0,2022,9,5,156,154
2,11,2,1,263.2,105.58,75.27899999999998,25,2,1,70.64200000000001,3,2022,4,3,98,101
1,12,1,2,373.6,161.63,71.49549999999999,10,1,1,67.59500000000001,2,2022,3,5,158,157
1,19,1,3,201.60000000000002,39.25,46.701499999999996,5,1,0,41.503,3,2023,1,1,29,34
1,8,0,0,214.4,197.13,99.26799999999999,10,1,1,94.281,3,2023,12,2,182,194
2,1,1,3,46.400000000000006,52.47,90.06799999999998,20,2,1,80.94900000000001,3,2022,10,1,55,43
4,1,3,3,332.8,335.93,18.917499999999997,20,3,0,22.671000000000003,2,2022,2,2,345,327
0,0,1,1,267.2,41.78,51.3015,20,0,1,43.912000000000006,1,2022,9,6,46,36
2,17,1,2,129.6,160.82,112.69999999999999,20,1,0,112.167,3,2022,3,1,143,142
1,13,0,0,181.60000000000002,210.38,80.132,10,2,0,82.11500000000001,0,2022,5,3,196,193
4,12,4,1,160.0,109.83,69.6095,10,0,0,65.527,2,2023,12,0,119,105
1,0,1,0,60.0,51.55,91.04549999999999,20,1,1,81.653,0,2022,1,0,33,44
2,9,4,2,152.0,8.67,40.273,20,0,1,37.46600000000001,0,2023,4,5,13,9
2,0,3,2,137.6,134.84,81.05199999999999,10,2,0,78.54,3,2022,11,0,115,127
0,10,1,2,145.6,115.61,85.96249999999999,25,1,0,79.05700000000002,3,2022,2,4,107,110
1,19,1,2,293.6,176.18,86.45700000000001,10,0,0,81.785,2,2023,4,0,163,170
3,15,3,2,100.80000000000001,11.1,98.8195,10,3,0,99.781,2,2022,6,3,17,10
0,11,1,0,252.8,54.57,59.9495,5,2,1,52.855000000000004,1,2022,12,5,52,49
0,8,0,3,192.8,88.33,102.22349999999999,25,2,1,100.26500000000001,0,2023,5,2,88,84
0,5,1,0,157.60000000000002,17.41,109.7905,15,0,0,102.806,0,2022,5,5,13,12
3,2,1,0,50.400000000000006,10.92,39.7555,20,1,0,37.312000000000005,3,2022,9,6,10,10
1,17,4,3,193.60000000000002,109.27,26.22,25,1,0,28.358000000000004,3,2022,6,1,100,104
4,7,1,1,81.60000000000001,20.87,82.8115,5,3,1,77.055,2,2023,7,5,1,16
2,6,1,2,275.2,75.9,43.8035,25,3,0,42.29500000000001,0,2023,2,0,61,71
2,0,4,2,364.0,43.19,87.71049999999998,20,2,1,79.48600000000002,0,2022,2,3,42,38
0,1,2,1,388.0,102.24,34.649499999999996,10,2,1,30.063,1,2023,3,6,99,96
0,18,1,0,60.0,45.91,22.954,25,1,0,18.711000000000002,3,2022,7,4,48,41
3,10,4,2,40.0,0.5,22.6895,15,1,0,19.745,3,2023,6,5,5,5
2,9,1,1,151.20000000000002,134.98,113.88449999999999,15,3,0,109.813,2,2022,6,2,118,128
4,0,3,3,393.6,378.79,85.11149999999999,5,0,1,81.41100000000002,1,2023,2,5,373,375
0,7,2,2,377.6,392.83,59.224999999999994,25,1,0,61.54500000000001,3,2022,3,3,391,382
4,11,1,0,360.8,90.64,106.60499999999999,20,2,0,106.502,3,2022,11,5,95,85
0,11,2,0,353.6,270.94,43.699999999999996,10,3,0,40.271,1,2023,6,2,273,265
2,19,3,1,199.20000000000002,51.51,16.525499999999997,20,2,1,18.887000000000004,1,2022,8,6,35,45
0,8,1,0,272.8,244.71,50.461999999999996,20,3,1,46.508,1,2023,2,3,228,240
4,17,2,0,395.20000000000005,129.96,28.474,15,2,0,23.177000000000003,3,2023,8,2,123,124
0,11,1,0,110.4,106.49,73.86449999999999,15,0,0,71.65400000000001,0,2023,3,0,95,99
1,17,0,3,377.6,435.93,12.8915,5,2,1,16.511000000000003,0,2023,8,2,440,418
4,14,0,3,112.80000000000001,26.2,107.63999999999999,15,3,1,106.667,3,2023,1,2,36,17
1,4,1,0,155.20000000000002,16.33,70.3455,15,1,0,69.586,3,2023,4,0,3,13
1,14,0,3,156.8,81.38,101.03899999999999,20,0,0,99.04400000000001,0,2023,1,6,76,77
3,7,2,2,206.4,219.36,55.4415,15,1,1,52.723000000000006,3,2022,3,6,207,206
0,10,2,0,189.60000000000002,146.86,55.291999999999994,10,1,1,50.23700000000001,0,2023,11,3,136,142
2,3,4,3,342.40000000000003,209.09,101.3035,20,3,1,93.14800000000001,1,2023,12,3,191,203
3,5,4,0,352.8,91.04,67.4015,25,3,1,66.14300000000001,3,2022,1,1,89,86
0,12,4,1,126.4,78.09,70.127,15,1,1,71.11500000000001,0,2022,1,3,80,73
2,2,3,0,313.6,65.37,104.02899999999998,15,0,1,94.006,1,2022,10,4,72,62
2,6,0,0,270.40000000000003,147.51,106.46699999999998,10,0,1,97.889,2,2023,3,4,130,143
0,16,2,3,384.8,53.96,55.05049999999999,10,3,1,58.146,1,2022,10,0,57,49
0,8,0,1,259.2,206.51,49.495999999999995,15,2,1,42.93300000000001,0,2022,11,6,207,202
3,19,0,2,271.2,63.35,55.291999999999994,10,3,1,50.292,1,2023,9,4,54,58
3,4,1,0,376.0,297.98,94.66799999999998,20,2,0,95.205,3,2022,8,2,295,294
3,6,3,0,168.0,206.55,74.73849999999999,25,0,0,67.914,3,2023,10,6,210,191
3,2,4,2,96.0,67.92,56.925,15,0,0,52.228,3,2022,7,5,77,64
3,17,4,2,266.40000000000003,43.57,71.1505,10,0,1,71.62100000000001,1,2023,4,3,27,38
1,9,0,1,137.6,187.24,102.166,10,1,0,102.278,1,2022,1,3,171,170
2,12,2,3,345.6,103.04,24.425999999999995,25,0,0,22.209000000000003,3,2023,2,3,104,99
0,8,2,1,197.60000000000002,44.38,75.371,10,3,0,71.775,3,2022,7,6,45,40
1,8,2,2,304.8,338.24,69.851,15,3,0,66.61600000000001,2,2022,7,0,346,323
4,4,3,3,142.4,59.84,29.428499999999996,10,3,1,27.720000000000002,2,2023,6,5,57,55
2,13,3,0,258.40000000000003,114.71,23.2185,5,1,0,23.067,3,2022,7,4,109,109
4,14,0,2,108.0,113.56,84.19149999999999,15,0,1,75.691,1,2022,6,3,101,102
3,17,0,0,163.20000000000002,178.63,73.2435,10,0,1,69.751,0,2023,12,5,162,164
2,9,1,1,151.20000000000002,134.98,113.88449999999999,15,3,0,109.813,2,2022,6,2,118,128
2,11,3,2,136.0,166.39,104.627,25,2,0,96.778,1,2022,6,3,159,151
1,8,0,2,48.0,10.39,25.0125,25,0,1,28.765,3,2023,3,5,19,10
1,15,3,2,362.40000000000003,48.97,38.0995,10,3,1,35.673,2,2022,5,0,54,44
3,12,1,3,147.20000000000002,61.67,106.07599999999998,5,1,0,100.26500000000001,0,2022,12,4,46,58
1,10,4,1,326.40000000000003,84.31,57.534499999999994,15,1,1,51.931000000000004,0,2023,4,5,75,80
4,16,2,2,366.40000000000003,20.69,86.57199999999999,20,2,0,78.221,3,2022,11,3,17,15
4,18,4,0,343.20000000000005,67.15,33.890499999999996,5,3,1,30.206000000000003,1,2022,11,3,59,62
4,0,2,3,49.6,58.68,91.632,15,2,0,92.01500000000001,3,2023,6,2,47,47
0,3,3,0,352.0,234.9,14.397999999999998,10,0,1,9.086,1,2022,5,2,215,228
4,7,1,3,184.8,54.19,19.343,20,0,0,22.924000000000003,2,2022,5,3,61,50
3,0,1,3,56.800000000000004,35.73,72.94449999999999,25,0,0,65.098,0,2023,8,2,38,31
3,9,2,1,45.6,17.48,26.001499999999997,15,0,1,28.094,3,2023,1,5,15,14
1,19,3,2,77.60000000000001,51.21,72.44999999999999,25,3,1,71.577,2,2023,10,1,39,46
2,12,3,0,197.60000000000002,189.88,64.6875,5,3,1,57.09,2,2023,2,0,193,184
2,6,2,1,200.0,53.8,71.66799999999999,5,3,1,71.775,3,2023,11,2,61,50
0,14,0,0,265.6,322.61,51.037,10,3,0,49.951,3,2023,4,0,329,308
2,8,3,0,388.0,374.5,59.294,10,0,0,54.967000000000006,2,2022,3,3,381,367
3,17,3,2,308.0,131.75,23.4025,15,3,0,18.656000000000002,3,2022,7,4,116,125
3,14,3,3,290.40000000000003,90.82,17.836499999999997,10,1,1,17.072,1,2023,2,1,88,86
2,18,2,2,212.8,199.83,97.152,20,1,0,93.39000000000001,3,2022,5,1,207,194
0,3,1,1,82.4,78.42,81.35099999999998,5,3,1,72.897,2,2022,4,0,59,70
3,10,1,2,73.60000000000001,29.74,66.4125,15,1,0,63.338,1,2023,3,4,17,24
4,14,2,3,57.6,73.37,110.30799999999999,10,0,1,107.11800000000001,1,2023,10,0,69,58
3,4,3,1,323.20000000000005,367.61,19.412,20,0,1,20.955000000000002,3,2022,6,1,373,351
2,12,0,3,257.6,29.68,12.0635,10,1,1,16.72,3,2023,5,4,21,25
3,16,0,2,97.60000000000001,21.91,55.476,20,2,0,50.787000000000006,1,2022,5,0,28,18
4,14,4,3,347.20000000000005,441.24,28.381999999999998,5,0,1,30.657000000000004,2,2023,3,3,423,424
0,14,1,3,221.60000000000002,131.11,36.961,25,2,1,30.954000000000004,0,2023,12,1,115,126
3,4,4,0,219.20000000000002,20.73,103.14349999999999,15,0,0,96.44800000000002,2,2022,9,5,14,15
4,12,2,1,198.4,55.64,31.3145,20,2,0,34.474000000000004,3,2022,9,1,59,50
1,2,1,0,346.40000000000003,146.61,109.52599999999998,15,2,0,102.36600000000001,3,2023,12,5,138,142
3,11,0,2,261.6,205.36,37.616499999999995,15,2,0,41.448,0,2022,10,0,212,199
0,17,2,3,367.20000000000005,244.16,55.798,20,3,1,50.611000000000004,2,2023,4,2,251,240
2,11,3,3,156.0,64.56,76.85449999999999,25,2,1,77.66,0,2023,12,0,65,60
1,14,3,3,180.0,211.58,16.468,10,0,1,16.764000000000003,3,2023,7,3,221,197
3,8,3,2,392.8,361.12,77.579,10,2,0,79.44200000000001,3,2022,5,4,351,356
2,11,4,2,348.0,329.59,40.905499999999996,15,1,1,42.977000000000004,3,2023,7,0,337,323
2,8,3,2,351.20000000000005,361.14,51.96849999999999,5,1,0,47.806000000000004,0,2022,8,0,342,350
2,13,2,2,150.4,29.09,107.088,15,3,0,101.39800000000001,0,2023,3,2,30,20
2,12,1,1,397.6,366.78,49.748999999999995,15,3,1,47.74,3,2022,10,4,356,363
1,8,0,3,179.20000000000002,186.97,47.506499999999996,15,2,1,44.044000000000004,0,2022,9,6,167,176
0,1,2,3,182.4,35.89,56.948,15,1,1,57.508,2,2022,12,6,45,30
1,3,1,2,148.8,164.26,43.194,15,0,0,45.309000000000005,3,2022,2,3,150,149
0,9,3,0,342.40000000000003,56.34,62.272499999999994,20,3,0,54.186,2,2023,5,0,50,51
2,3,4,1,90.4,16.35,93.82849999999999,15,1,0,87.14200000000001,0,2022,1,3,1,13
2,13,0,2,370.40000000000003,258.42,104.55799999999999,5,0,1,99.495,1,2023,12,5,241,252
0,12,0,2,305.6,281.66,13.443499999999998,20,2,0,12.144,1,2023,4,3,282,278
3,7,2,1,396.0,224.27,49.576499999999996,5,0,0,51.293000000000006,3,2023,6,1,208,220
2,9,0,1,256.0,212.45,13.443499999999998,20,0,1,13.552000000000001,0,2022,7,6,211,207
2,17,3,2,112.80000000000001,76.18,111.60749999999999,25,2,1,110.00000000000001,2,2022,4,6,80,69
0,11,0,3,56.0,27.23,18.009,15,3,0,15.048,1,2023,6,6,35,23
2,3,1,2,299.2,367.82,25.219499999999996,15,2,1,23.199,0,2022,10,2,362,349
0,13,2,2,58.400000000000006,30.43,108.422,20,0,0,108.427,2,2022,1,0,19,19
1,7,2,1,137.6,53.56,44.895999999999994,20,2,0,45.71600000000001,1,2022,4,3,38,50
4,16,1,2,213.60000000000002,187.76,77.073,5,1,1,70.82900000000001,1,2022,9,4,174,183
4,2,3,1,389.6,101.92,109.91699999999999,5,0,1,99.66,3,2022,7,6,110,96
0,4,1,3,100.0,41.76,71.26549999999999,25,0,1,66.682,0,2023,10,2,49,37
4,8,1,1,319.20000000000005,192.37,33.44199999999999,20,0,0,31.636000000000003,2,2023,6,0,192,188
1,16,4,0,272.0,239.89,29.612499999999997,25,0,0,30.855000000000004,3,2022,1,2,231,234
1,11,0,0,116.80000000000001,44.69,65.458,20,1,1,62.282000000000004,1,2022,2,0,48,40
4,2,4,1,390.40000000000003,310.74,12.8455,10,2,0,15.334000000000001,3,2022,12,0,292,304
1,14,1,0,149.6,50.68,48.047,5,3,0,49.676,3,2022,2,5,59,45
0,19,0,0,94.4,24.21,56.10849999999999,20,1,0,54.483000000000004,2,2023,5,0,23,19
1,7,3,3,76.80000000000001,28.64,109.0315,15,3,0,108.042,0,2023,10,0,21,19
0,5,4,3,63.2,41.73,14.674,10,2,0,17.567000000000004,0,2023,12,4,43,37
4,1,1,3,216.0,155.58,93.196,10,3,1,91.59700000000001,1,2023,5,5,137,152
1,1,1,0,57.6,59.43,96.84149999999998,5,1,0,94.34700000000001,3,2022,5,3,67,50
3,10,3,3,112.80000000000001,72.36,52.117999999999995,10,2,0,48.246,3,2022,2,5,71,68
0,4,2,0,92.0,113.21,61.5135,10,2,1,53.37200000000001,1,2023,10,6,102,98
0,18,4,2,232.0,58.62,38.708999999999996,15,0,1,41.074000000000005,0,2022,6,0,60,53
1,19,2,1,342.40000000000003,319.09,104.6845,25,0,1,103.82900000000001,0,2023,7,5,320,315
2,1,2,0,288.0,309.74,68.356,10,2,0,60.016000000000005,1,2022,4,1,302,297
2,5,4,2,344.8,410.1,77.08449999999999,15,2,0,68.849,3,2023,3,2,415,395
4,6,2,1,324.0,339.57,50.473499999999994,25,1,1,43.900999999999996,2,2022,6,2,326,326
3,9,1,1,362.40000000000003,135.36,97.359,25,0,0,89.793,3,2022,12,4,131,130
1,1,3,0,127.2,138.27,38.7895,15,1,1,36.333000000000006,3,2023,9,3,126,125
0,5,4,1,89.60000000000001,46.5,106.90399999999998,20,2,0,106.183,0,2023,1,1,54,36
1,8,3,2,149.6,174.53,59.69649999999999,15,3,1,59.455,1,2023,5,2,164,159
1,8,4,2,162.4,129.05,23.908499999999997,15,2,0,21.626,3,2023,11,0,133,124
2,8,3,1,119.2,156.36,93.80549999999998,20,1,0,92.80700000000002,1,2023,9,3,137,141
1,8,3,2,62.400000000000006,19.77,52.762,10,2,1,51.480000000000004,3,2023,10,1,12,14
3,18,0,1,226.4,43.89,56.32699999999999,15,0,0,54.076,2,2022,2,6,41,39
1,2,0,1,125.60000000000001,12.42,20.0215,5,1,1,22.693,2,2023,5,2,17,11
2,11,3,0,367.20000000000005,116.99,31.383499999999998,5,2,0,25.113,1,2023,4,3,98,112
4,16,2,3,331.20000000000005,264.54,27.8645,15,3,1,28.072000000000003,2,2023,4,1,253,259
0,10,1,0,100.0,6.22,78.88999999999999,10,3,0,71.599,2,2023,10,3,16,9
2,19,4,1,221.60000000000002,132.55,67.666,5,0,1,66.363,2,2022,11,2,125,127
4,9,3,3,84.80000000000001,65.34,100.10749999999999,15,0,0,97.075,1,2023,6,4,70,61
2,3,3,3,156.8,63.83,30.451999999999998,25,1,0,33.88,2,2022,9,2,66,58
4,17,1,3,146.4,108.85,17.572,20,0,1,22.231,2,2022,8,2,92,103
2,17,3,3,144.8,57.24,53.302499999999995,5,3,0,50.49,2,2023,2,2,63,53
0,0,4,0,113.60000000000001,35.19,99.69349999999999,20,2,1,96.052,3,2023,2,5,30,29
3,7,1,3,229.60000000000002,100.05,56.085499999999996,5,1,0,58.146,2,2023,2,1,99,94
0,18,3,1,258.40000000000003,163.27,110.84849999999999,10,3,1,103.389,1,2023,4,6,172,158
4,7,2,1,224.0,226.17,21.3095,20,2,0,20.449,1,2022,9,1,227,215
4,12,3,0,224.8,164.81,62.433499999999995,5,3,0,59.345000000000006,3,2022,12,4,157,160
4,13,1,0,40.800000000000004,56.25,101.085,20,0,1,101.24400000000001,0,2023,6,6,42,43
1,19,4,0,146.4,31.76,108.813,25,0,0,109.39500000000001,0,2023,8,6,40,20
0,11,1,3,80.80000000000001,48.09,79.63749999999999,10,3,1,75.41600000000001,1,2023,2,4,35,43
1,19,3,2,219.20000000000002,151.55,96.91049999999998,25,2,1,89.02300000000001,0,2022,8,3,140,147
2,9,1,3,291.2,163.33,68.103,20,0,0,65.098,2,2023,7,0,165,159
1,2,0,2,286.40000000000003,160.54,94.89799999999998,15,2,0,85.58,0,2023,5,0,148,156
1,5,3,1,301.6,216.08,99.3945,5,1,1,91.26700000000001,3,2022,1,1,218,212
4,5,2,1,296.0,9.44,98.22149999999999,5,1,1,92.4,1,2022,11,6,15,10
3,16,0,1,390.40000000000003,329.8,29.279,25,1,0,30.217000000000002,3,2023,12,0,320,324
3,17,1,2,315.20000000000005,282.48,105.60449999999999,10,1,0,99.792,0,2023,6,2,274,279
0,6,2,2,380.0,417.06,49.1855,15,0,1,43.24100000000001,3,2022,4,3,425,403
3,6,3,3,155.20000000000002,101.1,47.0235,10,2,1,47.63,3,2023,8,2,101,94
2,12,4,0,316.8,328.58,78.338,5,2,0,71.665,2,2022,8,2,324,318
2,2,3,0,135.20000000000002,30.67,91.95399999999998,5,2,1,85.89900000000002,1,2022,9,5,32,26
3,11,2,0,141.6,165.39,103.707,20,1,1,99.968,0,2022,7,6,166,149
0,2,0,1,311.20000000000005,372.97,21.079499999999996,5,1,1,22.77,2,2022,2,1,376,357
3,4,2,0,173.60000000000002,228.66,101.63699999999999,5,0,0,98.318,0,2023,6,6,210,212
1,7,1,3,176.0,174.66,33.23499999999999,15,3,0,32.516,1,2022,10,2,169,165
3,11,0,3,157.60000000000002,42.41,56.591499999999996,20,3,0,59.136,0,2022,7,3,41,37
0,1,3,0,252.8,19.18,87.8255,5,1,0,86.09700000000001,0,2023,5,0,19,14
0,2,0,3,240.8,34.6,80.81049999999999,25,0,1,82.14800000000001,1,2023,6,6,38,29
0,1,4,1,139.20000000000002,130.18,98.72749999999999,5,2,0,89.914,1,2022,4,3,123,124
4,15,2,1,140.0,60.66,27.1285,25,0,1,25.652,1,2023,8,6,63,56
0,5,3,0,197.60000000000002,207.28,38.065,15,1,1,35.13400000000001,2,2022,10,5,200,195
3,6,0,0,164.8,95.7,73.70349999999999,5,3,0,71.19200000000001,2,2022,1,2,76,91
2,8,1,1,280.0,119.89,96.71499999999999,5,1,1,90.64000000000001,2,2022,9,6,117,114
3,12,4,0,56.800000000000004,13.83,38.329499999999996,20,3,1,40.370000000000005,2,2023,1,1,17,11
4,8,2,1,286.40000000000003,226.48,86.64099999999999,25,2,1,81.57600000000001,1,2022,1,6,214,222
2,2,3,2,259.2,58.21,23.034499999999998,25,2,0,22.759000000000004,1,2023,4,1,56,52
2,8,0,0,67.2,79.78,15.110999999999999,5,1,1,14.091000000000001,0,2023,1,6,69,66
3,18,2,1,270.40000000000003,178.78,33.7525,20,1,0,35.728,2,2022,4,3,166,172
1,13,1,2,331.20000000000005,159.18,40.1925,20,0,1,33.22,2,2022,10,1,169,153
3,8,2,1,233.60000000000002,66.64,52.532,5,0,0,48.63100000000001,3,2022,4,5,55,61
3,7,0,2,162.4,99.71,92.874,10,0,1,92.15800000000002,0,2023,4,2,105,95
2,5,1,1,68.0,56.26,36.8,25,2,0,35.354000000000006,0,2023,5,0,57,51
4,7,1,1,312.0,184.17,50.0595,5,0,0,49.126,3,2022,7,2,177,181
2,16,0,2,168.8,49.13,63.537499999999994,10,1,0,55.484,3,2022,3,1,47,44
0,17,1,2,356.8,312.82,97.11749999999999,15,2,1,91.39900000000002,2,2023,3,0,294,309
4,19,1,2,68.8,37.81,52.750499999999995,5,0,0,49.13700000000001,2,2023,10,3,35,33
2,6,2,1,76.80000000000001,60.34,16.031,10,1,0,15.235000000000001,2,2022,10,3,65,56
0,12,2,2,159.20000000000002,183.71,95.86399999999999,10,2,0,91.608,2,2023,6,1,189,170
3,18,4,3,212.8,24.08,111.49249999999999,10,3,1,101.71700000000001,0,2023,3,6,17,16
0,6,2,0,258.40000000000003,275.95,92.75899999999999,10,0,0,83.36900000000001,1,2023,12,1,256,261
4,2,3,2,330.40000000000003,248.4,99.0955,5,0,0,90.57400000000001,3,2022,11,0,235,243
0,2,2,1,130.4,154.98,84.847,25,2,0,80.685,1,2023,10,3,152,138
4,17,3,2,391.20000000000005,289.94,104.2705,15,0,1,94.99600000000001,2,2023,10,2,292,287
0,12,0,3,246.4,211.59,104.93749999999999,15,1,0,100.364,0,2022,10,4,198,205
0,18,3,3,234.4,161.75,100.48699999999998,5,1,0,94.99600000000001,1,2023,12,3,150,159
3,9,2,1,51.2,9.87,95.95599999999999,15,1,1,93.68700000000001,2,2022,2,4,8,9
1,17,4,0,288.8,268.65,27.967999999999996,20,1,1,26.796000000000003,2,2022,2,1,276,261
3,5,2,1,222.4,41.68,106.60499999999999,15,1,1,100.50700000000002,2,2023,5,4,38,35
2,6,0,3,237.60000000000002,134.29,114.79299999999998,25,0,0,105.14900000000002,3,2022,2,2,142,130
3,10,0,2,341.6,292.14,107.341,5,0,0,105.006,1,2022,3,1,299,287
1,17,4,3,188.0,198.06,17.1235,20,1,0,14.256000000000002,0,2022,4,4,189,186
0,17,2,3,80.0,32.04,111.53849999999998,20,0,1,111.16600000000001,2,2022,9,4,40,24
1,6,0,0,339.20000000000005,396.89,53.520999999999994,10,2,1,52.437000000000005,3,2022,4,3,387,379
1,11,4,1,180.8,150.91,47.6675,5,3,0,40.260000000000005,0,2022,3,3,147,147
1,18,2,0,389.6,350.59,69.0345,25,3,0,69.223,3,2022,4,1,345,345
3,2,1,0,78.4,87.72,19.182,25,1,1,14.047,3,2022,6,3,69,74
4,19,1,1,306.40000000000003,280.94,72.036,25,3,0,64.977,3,2023,4,1,284,277
3,0,0,1,284.8,215.9,46.459999999999994,20,3,0,42.988,2,2023,4,2,223,211
1,13,0,0,282.40000000000003,4.22,106.93849999999999,10,2,1,100.30900000000001,1,2023,3,0,5,6
4,11,1,3,394.40000000000003,189.45,27.922,5,2,1,31.977000000000004,2,2022,10,3,194,185
3,10,4,1,198.4,157.34,94.87499999999999,20,0,1,87.659,2,2022,6,6,142,152
3,10,1,3,284.8,175.92,14.121999999999998,5,3,0,17.457,1,2022,4,5,166,170
2,7,1,2,312.0,395.58,46.34499999999999,15,2,1,41.569,2,2022,11,3,385,377
1,16,2,3,232.0,24.76,72.54199999999999,25,3,1,72.292,1,2023,3,5,6,19
4,19,1,2,242.4,78.11,62.766999999999996,15,2,1,65.032,1,2023,12,1,81,73
0,11,4,0,239.20000000000002,163.62,97.23249999999999,25,3,1,89.804,2,2023,5,3,153,159
0,5,0,0,280.0,97.31,38.7435,25,0,1,37.136,0,2023,10,4,102,93
4,8,4,1,335.20000000000005,35.89,20.377999999999997,5,1,1,18.744,3,2022,1,5,20,31
1,4,4,3,53.6,47.0,111.96399999999998,15,1,1,107.26100000000001,2,2022,8,6,36,38
0,0,4,1,281.6,205.46,100.24549999999999,5,1,0,90.827,2,2023,10,3,201,198
3,16,3,0,211.20000000000002,203.24,78.4645,20,1,1,80.311,3,2022,5,4,205,196
4,2,0,3,72.8,32.15,43.918499999999995,20,3,1,36.696000000000005,0,2022,4,0,42,29
0,5,2,3,105.60000000000001,128.52,106.65099999999998,15,0,1,100.26500000000001,1,2022,4,6,131,113
4,16,2,2,322.40000000000003,216.97,41.216,5,3,0,44.748000000000005,3,2022,4,4,209,212
2,7,1,2,80.80000000000001,17.46,93.1845,20,2,1,91.91600000000001,1,2022,8,2,5,14
0,19,4,1,379.20000000000005,434.3,94.2195,20,0,0,93.676,3,2023,2,5,423,417
3,15,1,3,92.80000000000001,107.17,28.761499999999998,15,2,1,25.399,1,2022,7,0,92,94
3,18,2,0,139.20000000000002,23.96,37.2945,15,0,0,33.22,3,2023,3,3,6,19
4,15,1,3,221.60000000000002,243.0,39.905,5,1,0,40.535000000000004,2,2022,1,0,233,226
2,0,1,1,395.20000000000005,38.5,112.72299999999998,10,3,1,107.07400000000001,3,2022,3,4,44,30
0,1,0,3,268.8,288.7,15.2145,5,0,1,18.26,0,2022,4,0,287,277
0,1,0,1,272.0,39.38,110.64149999999998,10,3,1,107.129,3,2023,11,6,43,30
1,16,0,0,189.60000000000002,167.15,90.3325,25,1,0,90.28800000000001,2,2022,3,3,157,163
1,12,4,3,138.4,71.36,25.415,15,0,0,19.668,3,2022,10,5,75,67
2,12,4,2,241.60000000000002,145.2,59.811499999999995,25,3,0,55.57200000000001,3,2022,11,6,154,140
3,8,2,2,247.20000000000002,214.2,94.024,20,0,1,88.81400000000001,2,2023,9,2,220,209
4,4,0,3,286.40000000000003,106.9,22.77,5,1,1,23.595000000000002,1,2023,12,6,104,101
3,12,0,3,384.8,480.18,114.73549999999999,20,0,0,104.58800000000001,1,2023,12,1,469,459
0,16,0,0,59.2,66.32,31.693999999999996,10,1,0,26.917,3,2022,12,3,53,54
3,9,1,1,244.8,273.23,17.572,10,3,1,13.794,3,2023,1,6,262,260
1,5,1,2,75.2,53.02,35.1785,15,2,0,29.326000000000004,1,2022,7,5,40,49
0,15,0,2,77.60000000000001,80.56,93.80549999999998,20,3,1,88.242,3,2023,6,6,63,69
1,5,2,3,280.0,86.93,99.84299999999999,5,1,0,98.296,2,2023,1,3,83,82
0,9,1,3,257.6,91.68,105.08699999999999,5,0,1,99.59400000000001,3,2022,8,2,96,87
3,5,4,1,174.4,31.79,113.55099999999999,10,0,0,110.209,1,2022,11,6,24,22
2,19,4,0,118.4,124.85,72.979,25,3,1,65.97800000000001,1,2023,8,4,134,112
4,19,3,3,370.40000000000003,233.23,78.2345,15,0,1,76.285,3,2022,11,4,243,228
3,0,3,0,255.20000000000002,91.46,13.1905,10,1,0,9.086,2,2022,3,1,89,85
3,13,4,2,193.60000000000002,236.65,112.56199999999998,5,0,1,109.47200000000001,0,2022,11,4,228,221
4,5,1,2,338.40000000000003,237.73,98.07199999999999,10,2,0,96.80000000000001,0,2022,9,1,228,233
2,3,3,0,247.20000000000002,42.23,40.687,25,1,1,39.996,0,2023,1,0,34,36
3,4,1,3,131.20000000000002,78.73,31.383499999999998,20,0,1,26.213,1,2022,8,0,80,73
0,18,0,2,68.8,34.88,28.899499999999996,25,2,1,28.248,1,2023,10,2,37,30
2,19,1,1,212.0,8.94,25.668,20,2,1,24.398000000000003,1,2023,9,2,14,9
2,7,0,1,352.8,69.52,42.009499999999996,10,0,0,39.897000000000006,2,2023,11,6,68,65
4,1,2,2,160.8,146.45,103.4425,5,0,0,101.431,2,2023,7,1,144,141
4,8,3,1,392.8,165.04,53.32549999999999,20,0,0,50.787000000000006,3,2022,6,6,162,160
0,5,4,1,202.4,155.64,22.264,25,0,1,20.328000000000003,0,2022,5,2,160,151
4,15,3,1,193.60000000000002,75.17,35.626999999999995,25,2,1,29.612000000000005,1,2023,4,6,61,71
4,13,2,1,181.60000000000002,120.85,25.99,20,2,0,20.416,3,2023,7,1,118,115
0,9,2,1,226.4,144.15,103.00549999999998,20,3,0,94.677,3,2022,10,4,134,139
1,8,2,0,392.8,154.14,59.9035,15,1,0,60.940000000000005,0,2022,3,5,159,149
3,19,2,3,178.4,174.59,45.355999999999995,20,2,1,46.068000000000005,2,2023,1,0,171,168
1,4,4,0,243.20000000000002,138.05,17.514499999999998,5,2,0,17.435000000000002,1,2023,5,0,142,133
4,18,0,3,337.6,207.55,14.489999999999998,10,3,0,11.847000000000001,3,2022,4,1,197,202
2,0,2,3,284.0,284.19,102.46499999999999,10,0,1,99.726,1,2023,10,3,278,276
3,18,0,1,164.8,151.77,90.65449999999998,10,2,0,86.22900000000001,1,2022,8,3,145,147
3,17,2,2,257.6,99.06,67.2635,15,1,0,65.549,3,2023,12,5,94,93
0,9,4,3,109.60000000000001,45.69,69.40249999999999,10,3,0,68.87100000000001,3,2023,8,1,40,41
4,11,4,3,145.6,83.13,44.3785,25,1,0,37.257,1,2022,1,6,87,78
1,0,3,2,57.6,59.75,82.547,25,0,0,81.67500000000001,0,2022,12,1,63,50
0,12,4,1,271.2,300.92,77.52149999999999,10,2,1,69.01400000000001,2,2022,10,3,293,286
0,15,4,0,335.20000000000005,23.89,92.14949999999999,25,2,0,88.22000000000001,2,2022,5,0,33,19
1,3,3,2,351.20000000000005,84.15,50.7495,25,2,1,52.778,2,2023,10,6,72,80
0,16,1,3,201.60000000000002,91.77,22.9425,5,1,0,24.112000000000005,3,2022,6,6,82,87
0,4,0,3,178.4,46.06,35.592499999999994,20,1,0,31.119000000000003,3,2023,12,1,45,41
2,3,0,1,132.0,32.52,81.5235,25,3,0,73.88700000000001,2,2023,2,1,25,28
0,7,0,2,298.40000000000003,272.6,86.7445,10,3,1,81.356,3,2023,3,0,259,269
1,15,1,1,224.8,93.39,76.1875,15,2,0,68.266,0,2023,8,4,97,87
1,11,0,0,116.80000000000001,44.69,65.458,20,1,1,62.282000000000004,1,2022,2,0,48,40
2,8,0,1,117.60000000000001,142.12,88.32,5,0,0,79.93700000000001,2,2023,10,4,136,126
2,14,4,1,396.0,59.02,57.87949999999999,5,0,1,55.825,3,2023,12,1,46,53
3,12,2,3,400.0,26.77,17.848,25,0,0,20.460000000000004,1,2023,12,4,30,22
3,12,3,2,148.0,74.85,34.408,5,2,1,38.324000000000005,0,2022,12,1,59,69
4,12,1,3,77.60000000000001,47.18,20.7115,10,2,1,20.834000000000003,3,2023,2,0,50,43
2,17,3,1,82.4,105.23,112.59649999999999,5,0,0,104.214,2,2022,7,6,88,89
2,1,0,2,146.4,167.8,80.224,10,2,1,72.985,2,2023,11,5,161,152
2,11,2,3,336.0,174.8,87.63,10,1,0,85.679,3,2022,4,2,166,170
3,9,0,2,48.0,19.7,64.4575,25,3,1,65.032,2,2023,5,6,10,15
1,1,2,1,150.4,29.75,36.765499999999996,10,3,1,38.951,0,2023,3,6,18,24
0,8,4,2,370.40000000000003,426.34,81.8225,10,2,0,83.73200000000001,3,2022,8,5,424,410
3,13,2,0,377.6,245.45,88.021,10,1,1,81.51,2,2023,9,2,253,240
3,11,1,1,324.8,350.33,90.87299999999999,10,0,0,90.167,1,2023,9,3,349,336
4,4,0,0,152.8,66.48,14.788999999999998,10,3,1,19.514,1,2023,7,0,64,61
0,9,4,2,397.6,299.99,92.782,10,0,1,94.193,0,2023,4,1,283,296
0,15,2,0,378.40000000000003,176.52,99.24499999999999,25,2,1,90.12300000000002,1,2022,7,6,161,171
4,2,4,2,277.6,33.18,103.5115,15,1,1,100.85900000000001,2,2022,2,3,34,26
3,19,4,1,63.2,39.63,63.836499999999994,10,1,0,58.63,0,2023,7,3,30,35
1,9,3,2,67.2,62.96,91.678,15,3,1,92.917,0,2023,3,3,69,57
4,3,4,1,342.40000000000003,166.38,39.583,20,1,0,35.992000000000004,2,2022,5,4,169,163
0,10,2,1,56.800000000000004,65.34,17.387999999999998,5,1,0,20.361000000000004,2,2022,3,4,67,53
2,19,2,0,299.2,224.32,75.34799999999998,20,1,0,75.41600000000001,1,2022,10,5,227,220
3,5,3,1,344.8,92.64,87.791,15,2,0,80.685,3,2023,2,6,99,87
3,0,0,1,72.0,48.68,33.131499999999996,20,1,0,34.859,2,2023,8,2,45,43
2,17,3,0,275.2,116.1,25.622,20,1,0,22.242,2,2023,8,5,113,111
4,5,1,2,328.8,243.95,112.68849999999999,25,1,1,104.962,0,2023,7,5,229,237
0,0,3,1,83.2,78.15,89.2515,5,0,1,85.80000000000001,1,2023,12,3,67,71
2,16,2,3,104.0,8.32,30.682,20,0,0,34.793,3,2023,4,1,1,9
1,1,1,3,56.800000000000004,15.63,24.1845,5,3,1,21.34,2,2023,7,1,24,13
2,17,3,3,301.6,216.14,99.199,5,1,0,97.075,0,2022,2,4,200,211
3,17,1,0,66.4,51.03,27.0595,5,3,0,21.262999999999998,1,2023,3,0,56,45
1,19,3,3,244.8,297.44,96.761,20,3,1,94.73200000000001,0,2022,3,0,300,282
2,5,2,1,120.80000000000001,33.81,68.5285,25,3,0,70.752,3,2022,1,1,28,29
0,16,4,2,127.2,95.51,31.118999999999996,5,2,1,32.065,2,2023,11,4,79,90
4,10,1,3,168.8,165.37,108.6865,25,3,0,101.05700000000002,3,2022,4,1,151,155
3,15,3,2,395.20000000000005,376.76,68.954,5,2,0,68.816,3,2023,2,6,385,370
0,13,0,1,42.400000000000006,18.48,56.18899999999999,20,0,0,49.929,3,2023,6,1,6,15
4,7,3,0,232.0,145.0,72.197,10,1,1,70.32300000000001,1,2023,10,5,142,140
4,1,4,3,292.0,152.98,103.82199999999999,5,1,0,96.15100000000001,1,2023,10,4,161,148
0,4,3,1,303.2,225.49,33.6145,15,1,1,34.265,2,2022,8,4,209,221
2,16,3,1,398.40000000000003,410.03,47.86299999999999,5,1,0,49.918000000000006,0,2022,4,1,403,400
4,5,0,3,287.2,277.39,56.10849999999999,15,0,0,58.63,0,2023,7,0,260,269
4,9,1,2,292.0,158.67,22.781499999999998,15,3,1,24.629,3,2022,3,0,140,153
2,2,0,0,353.6,276.7,47.1155,10,0,0,41.712,1,2023,12,3,279,270
2,14,3,3,388.8,256.34,42.803,15,2,0,40.436,2,2022,1,0,246,249
1,12,2,1,276.0,277.19,91.4365,5,0,0,91.81700000000001,1,2023,3,2,283,266
3,16,1,2,177.60000000000002,50.65,66.4355,10,0,1,66.924,1,2022,9,1,44,45
4,17,1,2,164.0,187.47,109.93999999999998,20,1,0,103.631,2,2022,8,4,195,173
0,4,0,1,341.6,286.39,39.858999999999995,20,0,1,37.18,3,2022,2,6,269,282
1,2,3,3,381.6,382.4,32.1425,20,2,1,27.401000000000003,2,2023,2,0,384,375
4,3,3,3,76.0,17.19,34.983,15,1,1,32.989000000000004,3,2022,7,2,18,14
0,10,3,3,327.20000000000005,14.45,14.145,25,1,0,12.518000000000002,0,2022,10,3,1,12
2,16,2,3,72.8,73.99,20.377999999999997,20,0,0,23.936000000000003,2,2022,2,6,71,63
1,1,4,2,163.20000000000002,109.24,111.07849999999999,10,2,1,108.11900000000001,2,2022,1,2,91,101
1,6,2,0,136.8,103.53,97.198,25,3,0,92.851,1,2022,10,3,94,98
2,7,3,1,387.20000000000005,405.43,59.213499999999996,25,3,1,51.79900000000001,1,2023,4,1,411,393
1,4,3,0,340.0,407.4,29.5205,15,2,0,25.905,1,2022,1,1,390,392
3,6,2,1,80.0,42.26,40.445499999999996,25,2,0,36.388,2,2023,10,0,25,37
3,8,3,2,40.800000000000004,47.7,113.58549999999998,20,1,0,107.96500000000002,0,2023,2,3,34,36
0,8,0,3,273.6,331.14,53.16449999999999,5,0,0,54.703,2,2022,10,3,312,315
4,7,0,0,84.80000000000001,11.74,82.386,15,0,0,84.117,3,2023,4,6,10,11
3,0,3,3,352.0,71.03,49.403999999999996,15,0,1,44.451,0,2023,3,1,81,67
2,0,4,2,364.0,43.19,87.71049999999998,20,2,1,79.48600000000002,0,2022,2,3,42,38
2,6,2,1,273.6,266.42,87.51499999999999,15,3,0,84.106,2,2022,3,3,266,259
4,6,4,2,263.2,-2.54,85.28399999999999,25,2,0,86.537,0,2023,9,5,0,4
3,2,1,3,372.0,205.63,29.095,10,0,0,31.097,1,2022,4,6,194,200
0,16,4,3,122.4,91.69,61.4905,15,2,0,56.63900000000001,2,2022,1,5,91,86
1,3,0,1,125.60000000000001,67.73,67.6775,25,0,1,59.35600000000001,0,2023,11,0,55,63
2,11,3,0,174.4,87.6,61.800999999999995,25,1,0,63.371,3,2022,12,5,92,83
0,17,1,1,129.6,87.67,113.29799999999999,10,3,0,103.05900000000001,3,2022,4,6,91,84
1,1,4,0,250.4,296.55,47.724999999999994,20,2,1,40.92000000000001,2,2022,3,6,295,283
2,13,4,1,312.0,331.18,100.71699999999998,25,1,1,95.98600000000002,2,2023,2,6,340,318
4,9,1,1,93.60000000000001,118.87,25.0125,10,3,1,19.778000000000002,1,2023,1,5,106,104
2,10,0,3,323.20000000000005,10.9,111.87199999999999,25,3,1,102.388,1,2023,6,0,2,11
3,14,3,3,208.8,59.33,15.133999999999999,10,1,1,9.757,2,2023,12,5,60,54
1,18,2,1,145.6,58.17,99.222,20,1,1,97.74600000000001,2,2022,8,0,47,53
3,5,2,1,247.20000000000002,111.74,114.73549999999999,25,2,0,114.48800000000001,1,2022,12,4,101,103
2,9,1,1,279.2,275.49,52.704499999999996,15,3,0,50.93,1,2022,2,0,262,266
3,12,3,1,103.2,109.03,23.057499999999997,25,2,1,17.226000000000003,3,2023,6,0,99,97
2,11,0,1,230.4,249.0,60.34049999999999,10,0,1,54.74700000000001,3,2022,11,1,245,234
4,11,3,2,203.20000000000002,144.88,58.580999999999996,10,0,1,57.211000000000006,1,2023,7,1,147,140
2,12,0,3,125.60000000000001,85.5,55.199999999999996,20,2,1,57.27700000000001,3,2023,12,6,88,80
2,15,4,2,236.0,29.83,94.66799999999998,10,1,1,92.13600000000001,2,2023,5,3,24,24
1,13,4,1,360.8,18.42,103.6955,10,1,0,100.738,1,2022,9,1,15,13
4,6,3,1,375.20000000000005,389.45,42.918,25,0,0,44.14300000000001,2,2023,6,5,391,378
1,3,2,0,108.80000000000001,135.93,99.30249999999998,20,3,1,97.19600000000001,1,2023,9,5,125,121
4,18,0,2,192.8,4.01,96.49649999999998,20,0,1,88.15400000000001,1,2023,1,0,14,6
1,12,2,2,106.4,84.96,104.55799999999999,15,0,1,96.305,0,2022,1,5,69,81
1,0,1,3,164.8,37.29,38.86999999999999,10,1,0,31.834000000000003,2,2022,7,4,23,32
3,4,4,0,73.60000000000001,30.11,23.897,20,0,1,19.338,1,2023,12,5,13,26
0,0,2,2,96.80000000000001,37.72,19.366,20,0,0,13.783000000000001,0,2022,2,4,25,33
4,3,3,0,339.20000000000005,363.93,97.451,15,0,1,88.13200000000002,0,2022,5,3,373,349
3,0,1,0,356.8,42.63,96.81849999999999,5,1,1,87.49400000000001,1,2023,9,6,45,36
4,15,0,1,168.0,139.86,67.8385,25,1,1,68.354,3,2023,7,1,132,135
1,13,2,3,255.20000000000002,307.7,64.5495,15,0,0,59.565000000000005,1,2023,1,6,296,292
2,6,3,2,288.8,104.63,82.731,15,0,1,75.77900000000001,2,2023,3,5,101,99
1,18,4,0,180.0,37.72,43.55049999999999,25,2,0,38.80800000000001,2,2022,3,3,33,33
4,13,2,2,224.0,177.11,27.7035,20,1,1,28.435000000000002,3,2023,11,3,172,170
2,15,0,3,254.4,251.04,84.3295,20,3,0,82.797,0,2022,12,4,245,241
3,16,1,0,340.8,396.49,94.9095,20,0,0,91.806,3,2022,4,6,394,379
1,18,3,1,296.0,189.23,85.905,10,2,1,87.63700000000001,1,2023,10,2,183,185
3,12,3,0,340.0,222.73,19.526999999999997,5,0,1,18.865,2,2022,9,0,203,218
0,15,4,0,305.6,96.91,64.4575,5,3,0,56.760000000000005,1,2023,9,4,82,92
2,8,2,1,293.6,304.25,60.788999999999994,15,1,0,53.339000000000006,1,2022,5,3,314,292
1,10,4,3,341.6,301.04,98.15249999999999,20,2,0,90.805,2,2022,1,0,299,295
4,10,3,3,296.0,277.21,58.673,10,0,1,53.18500000000001,1,2023,3,4,258,270
2,12,4,3,112.80000000000001,27.8,12.270499999999998,5,0,1,15.301000000000002,1,2022,3,6,12,23
3,11,1,3,266.40000000000003,147.89,70.1845,20,0,1,65.67,0,2022,7,2,136,143
0,4,2,3,284.8,147.81,33.12,15,1,0,31.251,1,2022,6,3,152,143
3,13,3,2,105.60000000000001,18.71,16.1345,10,0,1,10.802000000000001,1,2022,12,3,23,15
0,0,2,2,209.60000000000002,11.17,28.703999999999997,15,2,0,31.878000000000004,3,2023,5,1,20,10
0,2,4,0,90.4,89.7,87.469,15,2,1,80.92699999999999,3,2023,8,4,88,80
1,14,3,1,59.2,55.52,12.270499999999998,25,1,1,12.221,2,2022,5,0,52,48
4,18,2,2,48.0,56.62,83.375,25,3,0,84.227,1,2023,7,4,40,45
1,15,2,2,264.8,216.67,72.54199999999999,5,3,0,72.63300000000001,1,2022,10,4,203,211
4,18,4,3,65.60000000000001,79.47,94.553,10,1,1,92.99400000000001,0,2023,3,2,82,65
3,10,3,1,336.8,326.64,44.079499999999996,5,2,1,43.395,3,2023,8,0,330,319
0,11,3,1,111.2,69.17,30.336999999999996,10,3,1,25.872,3,2022,1,6,79,65
1,8,3,1,321.6,325.47,91.64349999999999,10,0,1,91.685,3,2023,1,0,320,317
1,1,2,1,360.8,268.39,28.6235,5,0,1,30.261000000000003,3,2023,10,2,271,263
4,9,4,2,185.60000000000002,38.56,85.6865,15,1,0,82.14800000000001,1,2022,2,1,41,33
2,15,1,3,315.20000000000005,308.93,58.535,25,2,0,60.236000000000004,1,2023,12,2,305,302
2,3,0,2,121.60000000000001,98.82,101.31499999999998,5,0,0,91.56400000000001,3,2023,8,2,83,94
2,1,2,3,176.0,23.57,95.43849999999999,25,0,1,86.372,3,2022,11,4,29,18
3,3,4,1,121.60000000000001,144.06,52.854,15,1,1,53.88900000000001,3,2023,12,4,128,129
3,15,1,1,374.40000000000003,311.72,34.9255,20,2,1,29.271,0,2022,11,2,319,307
4,11,3,3,126.4,80.69,76.82,20,2,1,77.83600000000001,2,2023,11,1,78,75
0,18,0,1,362.40000000000003,394.95,55.95899999999999,10,1,0,54.087,0,2023,9,5,376,381
1,19,1,0,42.400000000000006,30.22,111.297,10,1,0,110.13200000000002,3,2022,12,5,27,22
2,4,1,1,348.0,0.15,92.50599999999999,15,2,1,85.525,3,2023,8,4,0,5
3,7,0,3,233.60000000000002,128.05,59.1675,10,2,1,53.68,2,2023,8,4,127,123
0,4,2,1,228.8,132.76,23.506,20,3,1,22.627000000000002,0,2023,6,3,115,127
1,8,3,0,60.800000000000004,45.24,12.535,25,2,1,8.877,1,2022,4,2,26,41
0,7,3,3,107.2,46.45,20.274499999999996,5,1,1,23.353,2,2022,5,0,55,42
4,9,3,2,261.6,236.48,27.8645,25,0,1,27.918000000000003,0,2022,8,0,239,232
0,8,3,2,164.0,102.84,68.45949999999999,10,3,1,67.848,0,2023,11,0,93,97
3,6,3,0,235.20000000000002,217.03,98.0145,25,1,1,96.40400000000001,3,2023,9,4,208,213
2,3,1,0,372.8,36.63,104.719,10,1,1,102.26700000000001,2,2022,11,1,40,29
0,1,3,3,192.8,255.03,56.10849999999999,5,0,1,57.211000000000006,1,2022,1,1,241,237
2,19,0,2,77.60000000000001,-5.55,106.5705,20,2,0,101.068,0,2022,3,6,1,2
1,16,4,2,254.4,59.46,50.726499999999994,15,1,0,43.175000000000004,2,2023,9,1,60,55
3,3,1,2,80.80000000000001,88.4,94.01249999999999,10,3,0,91.74000000000001,3,2023,10,1,98,76
3,15,4,3,312.0,50.45,48.6105,20,2,1,49.30200000000001,1,2023,6,0,45,45
3,1,0,2,354.40000000000003,59.16,101.44149999999999,20,1,1,96.481,1,2022,8,3,58,56
1,3,4,1,280.0,74.19,87.952,25,2,1,86.581,2,2022,3,1,63,69
4,9,0,2,367.20000000000005,292.93,53.37149999999999,25,3,1,46.365,3,2022,8,1,298,288
4,8,2,3,154.4,99.53,38.617,25,3,0,37.048,2,2023,2,1,98,93
1,0,3,3,168.8,187.82,106.55899999999998,10,1,1,100.62800000000001,0,2022,8,1,182,173
4,9,2,3,387.20000000000005,211.07,57.132,5,3,0,52.811,2,2023,7,4,219,207
0,4,1,2,268.8,207.08,57.660999999999994,15,1,1,50.886,3,2023,1,3,216,202
4,1,4,3,266.40000000000003,235.2,101.29199999999999,20,3,1,91.39900000000002,2,2022,7,5,240,231
2,18,0,3,363.20000000000005,211.19,107.732,10,1,0,103.27900000000001,0,2023,7,5,214,206
3,17,4,3,98.4,74.58,42.8835,10,1,1,44.638000000000005,2,2022,1,6,69,69
4,13,3,2,274.40000000000003,346.59,47.3455,10,0,1,42.834,0,2023,1,0,329,328
2,14,1,3,244.8,112.23,66.401,5,0,1,67.74900000000001,1,2022,2,0,109,106
3,7,3,1,392.0,464.89,15.628499999999999,5,2,1,17.479000000000003,1,2022,8,3,469,449
3,13,3,3,170.4,152.43,26.772,15,3,0,28.644000000000002,3,2022,5,0,157,148
2,11,0,2,361.6,29.34,101.72899999999998,15,1,1,92.433,0,2023,5,5,31,22
2,11,2,1,184.8,74.58,64.5955,5,0,0,65.164,3,2023,4,2,55,69
4,10,3,0,196.0,202.26,61.111,20,1,1,57.409,2,2022,6,6,186,190
2,12,1,1,360.8,147.04,108.75549999999998,10,3,1,104.26900000000002,0,2022,5,0,129,141
0,5,3,0,380.0,22.55,80.05149999999999,25,0,1,77.209,1,2022,11,1,15,18
0,9,4,1,400.0,129.79,114.448,25,1,0,104.32400000000001,1,2022,3,3,110,120
2,8,0,3,174.4,129.21,50.31249999999999,20,3,1,52.888000000000005,0,2023,4,4,124,125
1,4,3,1,322.40000000000003,265.66,94.44949999999999,5,0,0,92.77400000000002,1,2022,8,4,257,260
4,0,2,3,130.4,18.57,43.573499999999996,20,1,0,38.775000000000006,1,2022,3,0,28,14
0,0,3,3,314.40000000000003,61.96,78.821,5,1,0,72.435,2,2022,3,0,49,57
1,18,1,2,44.800000000000004,38.16,17.9285,5,3,1,21.538,3,2022,6,1,32,33
2,15,0,0,45.6,27.06,27.691999999999997,5,0,0,31.163,2,2023,5,1,8,22
1,17,1,0,218.4,219.49,20.0215,5,2,0,21.67,3,2023,5,0,203,209
4,19,0,2,78.4,66.21,16.801499999999997,15,1,1,14.069,2,2023,6,5,67,60
2,18,1,2,60.0,78.34,69.47149999999999,5,3,1,65.901,3,2022,4,0,63,62
4,1,0,0,313.6,328.42,77.648,5,2,0,78.95800000000001,1,2022,5,6,331,317
0,3,1,3,217.60000000000002,100.06,58.500499999999995,20,0,0,56.067,2,2023,2,1,102,94
2,18,4,0,214.4,88.1,103.37349999999999,20,2,1,98.34000000000002,1,2022,11,6,70,82
0,4,0,2,219.20000000000002,130.62,68.931,15,1,1,65.054,0,2022,10,5,129,125
3,5,4,1,144.8,126.56,95.4615,25,1,0,88.47300000000001,2,2023,11,3,118,121
2,6,0,0,270.40000000000003,147.51,106.46699999999998,10,0,1,97.889,2,2023,3,4,130,143
3,15,1,2,143.20000000000002,57.24,84.594,15,0,0,81.95,1,2023,8,4,55,53
3,18,1,0,266.40000000000003,-1.74,70.6675,25,3,0,67.738,0,2023,2,5,7,5
0,7,0,0,183.20000000000002,155.9,63.26149999999999,15,1,0,59.587,2,2022,7,5,163,151
4,7,0,0,278.40000000000003,174.0,92.50599999999999,15,0,0,83.33600000000001,2,2022,6,6,169,170
1,3,0,0,231.20000000000002,88.72,28.358999999999998,5,2,0,22.792,0,2022,1,0,90,83
0,17,1,1,97.60000000000001,98.62,48.599,15,2,0,46.09,2,2023,10,3,89,88
3,15,4,2,368.8,282.38,99.33699999999999,25,3,1,95.61200000000001,2,2023,11,1,282,279
4,3,2,1,276.0,176.13,106.9615,5,3,1,103.67500000000001,2,2022,6,2,178,172
4,3,1,2,155.20000000000002,10.67,68.103,10,1,1,62.040000000000006,1,2023,7,6,20,9
2,7,2,1,142.4,147.77,13.2825,25,3,0,7.315000000000001,2,2023,10,3,157,136
0,16,3,1,240.0,261.54,97.2785,15,3,0,91.76200000000001,2,2022,1,2,246,248
0,16,4,0,221.60000000000002,170.63,32.6485,25,3,1,30.921000000000003,2,2022,10,6,163,164
2,14,4,3,333.6,108.28,34.8565,10,3,1,28.754,2,2022,7,1,108,104
3,6,3,3,384.8,485.75,83.94999999999999,25,0,1,77.70400000000001,1,2022,5,6,466,460
2,5,3,3,120.80000000000001,68.74,103.0975,15,2,1,96.86600000000001,2,2023,2,2,73,64
1,8,3,2,108.80000000000001,124.77,25.4955,25,1,0,28.633000000000003,0,2023,11,0,105,110
3,8,2,0,147.20000000000002,198.39,35.0635,20,0,0,35.838,2,2023,4,4,183,183
3,19,1,3,153.60000000000002,150.43,77.027,20,2,1,68.43100000000001,0,2022,6,6,144,141
3,3,0,2,390.40000000000003,383.46,79.166,5,0,0,78.01200000000001,2,2023,5,0,380,377
4,1,0,0,363.20000000000005,355.91,12.776499999999999,15,2,1,11.011000000000001,1,2022,11,1,360,348
0,10,2,1,314.40000000000003,314.5,75.8885,20,2,0,67.12200000000001,2,2022,9,0,304,304
3,14,0,2,133.6,175.54,88.69949999999999,15,3,1,89.21000000000001,1,2023,2,2,156,160
1,9,3,2,272.8,183.37,77.86649999999999,15,3,0,70.664,3,2022,11,6,170,179
3,12,1,2,292.8,331.15,26.863999999999997,15,1,0,26.785000000000004,2,2023,4,6,317,315
2,14,0,0,75.2,110.34,40.88249999999999,10,1,0,40.359,1,2023,9,4,91,94
3,12,0,2,257.6,158.71,35.8455,20,1,0,36.806000000000004,2,2023,10,2,163,153
1,5,3,3,232.8,232.85,83.71999999999998,15,1,1,84.82100000000001,2,2022,8,1,238,226
1,5,2,3,160.0,82.64,72.266,15,2,1,69.575,2,2022,6,0,82,78
4,3,2,2,320.0,325.23,93.01199999999999,25,3,1,93.808,3,2023,1,6,320,316
4,19,1,3,368.0,341.25,43.952999999999996,10,3,1,47.52000000000001,2,2023,9,3,338,335
0,11,1,0,352.0,385.96,48.518499999999996,15,3,1,45.034,3,2023,4,2,391,374
2,7,4,2,289.6,114.94,50.898999999999994,20,0,1,51.854000000000006,3,2022,5,6,117,111
3,0,0,2,203.20000000000002,87.72,55.38399999999999,15,2,1,57.31000000000001,1,2022,10,4,91,82
3,18,4,3,195.20000000000002,168.68,22.344499999999996,20,2,0,26.752000000000002,1,2022,5,3,178,163
4,13,1,2,74.4,68.83,91.839,15,1,0,85.50300000000001,3,2022,8,6,67,62
3,9,1,1,278.40000000000003,205.95,62.928,5,3,1,58.71800000000001,2,2022,5,0,193,200
2,9,0,1,118.4,34.24,63.824999999999996,20,1,0,58.25600000000001,1,2022,1,3,18,29
3,2,1,1,108.0,1.76,93.65599999999999,5,3,1,93.32400000000001,0,2022,1,3,5,6
3,7,2,3,216.0,140.44,58.89149999999999,10,1,1,56.88100000000001,3,2023,3,0,129,136
2,11,4,3,326.40000000000003,296.07,67.735,5,0,0,60.489000000000004,1,2022,3,6,304,292
4,18,2,1,224.8,19.24,43.619499999999995,10,3,0,46.409,1,2023,2,0,6,14
3,15,3,1,78.4,44.72,90.11399999999999,15,2,0,82.26900000000002,0,2022,1,4,48,40
1,9,1,1,335.20000000000005,255.19,50.24349999999999,15,0,0,47.861000000000004,2,2023,7,6,251,249
2,16,4,1,383.20000000000005,347.63,16.629,25,0,0,20.702,0,2022,10,5,334,342
1,11,2,1,224.8,116.22,55.98199999999999,5,3,1,53.46000000000001,3,2023,5,0,116,111
2,8,3,2,219.20000000000002,10.2,77.28,20,1,1,71.5,0,2023,8,5,5,10
1,12,0,1,396.8,145.25,53.221999999999994,5,3,1,55.627,1,2022,10,6,144,140
3,5,1,2,66.4,14.48,45.7585,20,0,1,44.319,0,2023,5,6,19,12
2,16,2,3,80.0,36.48,110.607,25,0,0,108.52600000000001,0,2023,12,5,37,27
4,0,2,0,312.0,243.72,109.23849999999999,25,0,0,108.427,3,2023,8,4,251,237
2,18,2,1,379.20000000000005,467.98,75.0375,15,1,0,74.84400000000001,0,2023,11,6,473,450
3,7,4,1,168.0,64.05,79.649,15,3,0,81.037,1,2023,3,4,49,59
4,8,3,0,307.20000000000005,269.77,114.60899999999998,15,2,0,107.29400000000001,3,2022,7,5,256,262
4,11,0,0,247.20000000000002,287.69,108.29549999999999,15,0,0,103.884,0,2023,8,2,269,274
3,9,2,0,289.6,337.64,112.1595,20,1,0,104.32400000000001,0,2023,1,1,342,320
1,8,3,3,387.20000000000005,59.7,77.464,5,3,1,78.76,0,2023,12,1,49,55
4,4,1,2,323.20000000000005,110.26,100.5675,5,2,0,97.27300000000001,1,2022,10,4,102,104
2,0,3,1,137.6,95.98,79.6835,25,1,1,72.47900000000001,3,2022,1,0,96,91
4,7,3,2,232.8,125.16,97.25549999999998,5,2,1,90.18900000000001,2,2023,9,2,118,119
1,18,2,1,48.800000000000004,34.61,24.115499999999997,25,0,0,28.512000000000004,1,2023,4,3,30,30
4,2,4,3,192.0,4.03,26.496,20,3,0,25.487000000000005,2,2022,8,3,10,7
2,14,1,3,53.6,60.08,66.585,20,2,1,59.66400000000001,1,2022,3,2,58,48
2,8,4,2,103.2,114.73,24.2305,10,1,0,24.728,1,2022,4,6,106,101
4,10,0,1,233.60000000000002,148.93,79.3615,15,3,1,79.783,1,2022,9,1,141,143
2,18,4,0,132.8,21.95,79.166,20,3,0,77.352,3,2023,9,1,4,18
4,15,1,2,173.60000000000002,156.95,50.001999999999995,10,2,1,51.88700000000001,0,2022,12,3,165,152
0,5,2,2,228.0,65.36,37.581999999999994,15,3,0,36.487,3,2023,5,2,73,60
3,9,1,1,266.40000000000003,74.53,23.1955,15,2,0,22.781000000000002,2,2023,11,2,75,69
3,8,2,3,123.2,18.17,112.18249999999999,25,2,1,103.543,3,2022,2,0,7,11
1,3,2,0,356.8,160.77,27.542499999999997,10,0,1,25.267,2,2022,1,6,159,156
4,8,0,2,328.0,396.28,45.229499999999994,20,2,0,42.031000000000006,1,2022,2,5,379,378
0,16,2,3,193.60000000000002,181.86,32.407,10,0,0,30.250000000000004,0,2022,1,6,165,175
2,11,1,0,169.60000000000002,80.52,99.3945,15,2,0,90.60700000000001,3,2022,9,2,84,76
0,6,4,1,81.60000000000001,53.27,62.93949999999999,15,1,0,55.209,0,2022,6,6,47,49
4,12,1,2,347.20000000000005,62.06,78.26899999999999,25,2,1,73.72200000000001,2,2023,8,6,50,56
0,10,3,1,220.8,54.52,60.88099999999999,20,1,1,61.281000000000006,1,2022,6,5,35,49
1,3,2,3,236.0,300.43,103.86799999999998,20,3,0,100.87,3,2022,3,4,295,287
2,8,0,1,280.8,238.81,52.9115,20,3,1,48.059000000000005,1,2022,10,6,243,233
4,11,4,1,332.0,114.55,12.097999999999999,10,1,1,8.976,0,2023,10,1,101,110
1,9,2,2,257.6,29.33,89.5505,15,2,1,87.69200000000001,1,2022,11,5,16,24
0,14,3,1,104.0,24.34,69.40249999999999,20,0,0,66.858,2,2022,2,5,17,19
3,13,4,0,164.0,102.01,103.109,15,1,0,102.058,1,2023,2,4,84,94
2,14,0,0,367.20000000000005,129.15,101.61399999999999,20,0,1,101.60700000000001,0,2022,10,4,122,124
0,6,1,2,342.40000000000003,369.91,107.1685,10,0,0,101.376,2,2023,12,5,368,355
0,12,2,1,343.20000000000005,406.31,50.27799999999999,10,1,0,47.641000000000005,3,2023,4,5,398,389
3,1,2,3,152.8,29.19,18.997999999999998,5,2,0,18.348000000000003,3,2022,10,5,39,24
1,2,4,1,124.0,76.09,60.6855,25,3,0,63.217000000000006,1,2022,1,1,67,71
1,14,2,2,248.0,294.3,49.933,15,1,0,52.602000000000004,1,2022,10,2,278,279
1,0,1,2,261.6,128.84,75.0375,5,0,1,72.51200000000001,0,2023,9,5,109,124
2,9,0,2,190.4,182.38,31.601999999999997,25,3,1,30.976000000000003,3,2023,9,6,171,176
1,17,0,3,98.4,124.86,29.2445,10,1,0,25.201,2,2023,8,5,118,110
1,1,4,3,331.20000000000005,126.35,111.1475,25,2,1,106.97500000000001,3,2023,8,1,119,118
0,3,0,1,193.60000000000002,217.95,62.19199999999999,15,3,1,62.64500000000001,0,2023,9,1,207,204
2,17,1,1,238.4,12.19,100.45249999999999,10,2,0,96.26100000000001,3,2023,5,6,3,11
3,3,0,0,101.60000000000001,22.93,82.69649999999999,15,3,1,78.84800000000001,3,2022,8,6,23,18
2,18,0,0,184.0,166.0,74.911,15,3,0,68.519,0,2023,4,6,158,162
0,15,2,3,80.80000000000001,68.24,45.010999999999996,10,1,1,37.97200000000001,3,2022,8,0,69,64
1,15,2,2,207.20000000000002,96.58,99.15299999999999,10,2,1,99.572,1,2023,9,4,106,92
3,3,2,1,152.8,167.24,21.343999999999998,20,3,0,17.303,2,2023,12,2,152,153
1,3,3,3,168.0,71.36,80.91399999999999,10,2,0,74.239,3,2023,11,3,63,66
1,6,1,0,98.4,51.61,104.07499999999999,5,1,1,104.61,3,2022,12,2,58,42
4,7,1,3,280.8,103.15,61.1915,10,2,1,61.14900000000001,2,2023,6,6,110,98
0,19,2,3,144.0,37.99,52.5665,10,3,0,52.14,0,2022,6,0,40,33
0,11,3,0,295.2,315.33,109.22699999999999,25,0,1,99.055,1,2023,3,4,306,302
3,14,2,0,110.4,147.84,101.15399999999998,25,3,0,98.89000000000001,0,2022,1,4,132,131
0,13,3,3,45.6,42.71,74.773,5,2,1,73.78800000000001,1,2023,12,6,48,37
0,14,3,1,288.0,21.6,57.937,15,1,1,50.00600000000001,3,2022,4,2,19,15
0,2,4,1,242.4,136.4,47.885999999999996,5,3,1,47.113,2,2022,8,6,145,132
2,2,3,1,264.0,110.19,22.884999999999998,10,1,1,25.773000000000003,2,2022,9,0,112,105
4,16,2,0,345.6,264.79,55.452999999999996,20,3,1,58.05800000000001,3,2022,10,4,245,260
3,0,3,1,377.6,437.24,42.757,20,3,1,40.612,2,2022,4,4,444,420
3,7,4,1,362.40000000000003,228.99,15.927499999999998,10,0,0,14.091000000000001,1,2023,6,3,211,224
3,6,0,0,123.2,95.12,40.34199999999999,15,3,1,33.902,1,2023,3,1,88,90
3,13,2,3,78.4,13.41,41.5955,25,3,0,36.32200000000001,1,2023,12,5,21,12
0,2,4,0,55.2,76.85,25.230999999999998,10,2,0,27.577,1,2024,1,0,64,59
0,1,4,3,358.40000000000003,117.93,83.01849999999999,10,2,0,74.129,3,2022,6,5,103,113
2,1,3,3,108.80000000000001,86.87,20.987499999999997,25,3,0,24.486000000000004,2,2023,9,4,67,81
0,2,1,0,144.8,81.64,84.43299999999999,15,2,1,81.477,3,2022,7,3,90,77
4,2,2,2,173.60000000000002,20.91,12.408499999999998,15,0,1,13.618000000000002,3,2022,6,1,28,16
1,5,4,1,286.40000000000003,86.56,77.096,10,1,1,78.82600000000001,0,2022,4,2,83,82
1,3,0,2,140.0,19.46,44.0335,5,0,0,45.166000000000004,2,2023,6,6,18,14
1,16,4,1,323.20000000000005,138.43,55.038999999999994,10,2,0,53.29500000000001,0,2022,9,4,123,133
2,15,1,3,303.2,26.25,82.50099999999999,25,2,1,76.73600000000002,3,2023,5,5,36,21
1,1,1,2,84.80000000000001,27.59,33.1085,20,2,0,28.017,0,2022,4,3,34,23
4,1,1,3,83.2,41.5,25.633499999999998,10,1,1,19.426000000000002,1,2023,8,0,44,37
2,11,3,1,231.20000000000002,179.43,56.32699999999999,15,1,0,52.415,3,2022,5,5,170,175
2,3,0,1,255.20000000000002,290.07,41.077999999999996,25,0,0,38.489000000000004,1,2022,5,5,298,277
4,4,2,2,313.6,303.6,54.2225,25,1,0,50.809000000000005,1,2023,6,1,294,296
1,5,4,2,178.4,198.5,55.98199999999999,15,0,0,55.121,1,2023,12,2,208,185
1,12,4,0,98.4,35.42,102.75249999999998,10,0,0,94.061,3,2023,6,4,38,28
4,8,4,1,377.6,81.79,18.285,15,0,0,18.282000000000004,2,2022,3,6,90,77
4,8,3,3,389.6,275.3,48.4955,15,1,0,46.02400000000001,2,2022,6,3,270,270
3,16,2,0,159.20000000000002,57.09,83.55899999999998,15,1,0,84.403,3,2022,11,5,38,53
4,12,4,0,293.6,28.59,26.231499999999997,20,3,1,23.562000000000005,3,2023,10,1,28,24
2,4,2,2,104.0,103.56,113.81549999999999,15,3,1,110.18700000000001,2,2022,9,6,112,92
0,16,4,2,130.4,87.0,21.366999999999997,10,2,0,23.232000000000003,2,2023,2,2,76,82
2,16,0,2,166.4,194.22,82.88049999999998,25,2,1,78.95800000000001,0,2023,1,4,197,178
0,6,4,0,399.20000000000005,115.64,38.7895,20,0,1,40.194,0,2023,7,1,125,111
0,3,0,3,372.8,467.66,91.563,5,2,0,84.07300000000001,3,2022,12,5,458,451
1,19,4,2,111.2,93.53,30.888999999999996,25,3,0,28.556000000000004,1,2023,6,6,77,87
2,6,4,0,277.6,-3.29,62.583,25,2,1,63.51400000000001,3,2022,4,5,5,3
0,9,3,0,217.60000000000002,213.34,81.0865,10,2,1,79.783,1,2022,8,4,196,207
0,3,2,0,194.4,27.35,60.06449999999999,20,0,0,56.199000000000005,3,2023,4,3,23,22
3,11,1,2,132.0,156.44,11.706999999999999,25,1,0,15.620000000000001,3,2023,8,4,165,141
4,7,0,0,387.20000000000005,440.04,35.3165,20,2,0,31.779000000000003,3,2023,5,4,426,426
1,17,1,3,359.20000000000005,275.59,81.466,25,3,1,73.447,1,2022,7,1,273,270
3,13,1,3,96.80000000000001,41.61,83.191,10,1,1,76.406,2,2023,4,4,25,37
4,17,3,3,332.0,168.34,20.435499999999998,20,3,1,15.312000000000001,3,2022,6,1,154,163
2,10,1,0,392.0,480.6,92.65549999999999,5,1,1,88.08800000000001,1,2023,5,6,472,460
3,7,3,1,321.6,412.78,87.0205,10,0,0,78.771,0,2023,2,2,398,394
0,3,0,1,162.4,198.49,107.31799999999998,20,3,0,100.78200000000001,3,2022,3,4,190,182
0,2,0,0,214.4,130.56,84.68599999999999,15,2,1,85.29400000000001,2,2022,6,0,140,126
4,0,0,1,195.20000000000002,38.6,111.32,25,0,1,109.593,1,2022,11,5,23,29
1,2,2,0,53.6,66.09,60.489999999999995,5,2,0,54.978,3,2023,5,1,63,51
3,7,2,2,353.6,216.8,105.777,25,3,1,105.44600000000001,2,2023,3,5,222,208
0,14,0,1,328.8,90.73,41.250499999999995,10,0,1,34.254000000000005,2,2023,3,1,92,86
4,1,0,3,164.8,185.62,84.2145,15,0,0,85.84400000000001,0,2023,3,5,192,172
2,15,4,2,340.8,48.07,16.054,10,2,0,14.531000000000002,1,2022,9,3,45,43
3,16,2,3,186.4,14.88,94.84049999999999,25,0,0,85.36,0,2022,8,4,6,12
3,12,2,0,224.0,12.32,113.0105,25,3,0,106.20500000000001,0,2022,8,3,13,7
2,10,0,1,336.8,295.18,109.7445,25,1,1,103.49900000000001,3,2022,5,6,286,290
3,17,3,2,258.40000000000003,127.73,84.6515,10,3,1,80.66300000000001,3,2023,7,4,109,123
2,3,1,3,366.40000000000003,410.16,24.909,25,0,0,24.937000000000005,1,2023,12,6,418,396
0,3,3,1,307.20000000000005,164.88,28.726999999999997,10,2,0,28.292,1,2022,3,1,157,160
1,0,2,3,365.6,109.58,46.494499999999995,20,0,0,46.266000000000005,0,2023,5,3,101,105
0,4,2,0,45.6,21.72,42.7225,5,0,1,43.395,1,2022,10,0,14,15
0,19,0,2,286.40000000000003,44.4,29.025999999999996,5,2,1,33.176,3,2022,4,4,38,40
1,18,3,0,176.0,23.17,67.6545,10,3,1,59.79600000000001,1,2023,12,2,6,17
2,8,1,2,65.60000000000001,7.66,17.077499999999997,20,1,1,13.453000000000001,2,2023,2,4,9,8
4,4,0,3,40.800000000000004,21.9,26.840999999999998,15,2,1,29.260000000000005,0,2023,3,2,21,17
1,18,1,0,88.80000000000001,12.99,68.0915,25,1,1,62.711000000000006,2,2022,2,5,12,11
0,11,1,0,164.0,99.65,17.100499999999997,20,1,0,21.802000000000003,2,2022,10,5,100,95
0,3,2,3,88.0,59.57,75.41699999999999,25,3,0,76.17500000000001,3,2023,9,5,43,55
0,7,4,2,267.2,76.31,101.54499999999999,10,3,0,98.912,1,2023,8,5,57,72
4,5,4,0,160.0,144.39,97.91099999999999,20,0,0,93.00500000000001,1,2022,3,6,126,139
2,7,0,2,380.8,82.16,19.515499999999996,25,3,0,19.624000000000002,1,2023,3,2,73,78
4,3,2,0,262.40000000000003,284.03,101.4185,10,0,0,97.20700000000001,0,2023,8,3,271,270
4,2,1,2,210.4,192.71,42.251,15,3,0,43.384,3,2022,2,2,197,187
2,12,2,2,258.40000000000003,264.71,24.471999999999998,5,0,1,18.865,2,2022,6,3,252,251
3,4,1,2,296.0,136.93,89.033,25,1,1,80.43200000000002,2,2023,7,2,146,133
4,13,0,3,232.8,106.66,40.848,20,0,1,41.86600000000001,0,2023,4,2,98,102
0,11,3,0,295.2,315.33,109.22699999999999,25,0,1,99.055,1,2023,3,4,306,302
2,7,3,2,84.0,35.98,75.8655,15,0,1,67.06700000000001,3,2022,3,1,38,32
1,8,4,0,392.0,156.47,54.487,25,0,1,57.486000000000004,1,2023,7,2,140,152
2,8,1,1,101.60000000000001,32.5,53.53249999999999,5,1,0,45.848000000000006,2,2023,11,2,42,28
1,11,2,1,215.20000000000002,99.02,63.13499999999999,10,3,0,58.344,2,2023,9,1,82,93
0,17,3,0,131.20000000000002,74.51,96.55399999999999,15,2,1,88.209,1,2022,7,2,79,69
0,7,4,0,84.0,64.27,110.2505,25,2,0,110.29700000000001,3,2023,7,6,66,56
0,16,1,0,93.60000000000001,76.71,30.934999999999995,10,2,1,24.343,1,2023,9,2,60,72
3,6,0,1,365.6,292.54,103.5115,10,2,0,98.087,0,2023,9,5,301,286
0,11,4,3,139.20000000000002,83.93,36.9495,20,3,1,33.506,3,2022,8,0,90,80
1,11,1,3,380.8,64.03,35.489,5,2,0,35.981,0,2023,12,4,70,59
3,18,0,3,160.8,203.7,33.672,25,0,0,28.765,2,2023,1,6,184,188
0,10,0,2,129.6,102.37,17.180999999999997,5,0,1,15.884,3,2022,9,0,84,96
4,8,4,2,285.6,190.95,77.372,20,0,1,74.22800000000001,1,2022,9,1,191,186
4,8,1,1,319.20000000000005,192.37,33.44199999999999,20,0,0,31.636000000000003,2,2023,6,0,192,188
3,7,1,2,89.60000000000001,26.69,25.645,5,3,0,21.153000000000002,0,2023,1,3,27,22
2,18,1,2,101.60000000000001,70.12,28.2095,15,1,1,27.280000000000005,1,2022,11,6,51,66
1,18,1,0,186.4,186.94,70.33399999999999,15,3,1,71.13700000000001,1,2023,4,4,190,178
3,8,3,0,308.0,218.51,98.371,25,0,0,96.327,3,2023,10,0,228,213
3,7,3,0,45.6,30.67,64.7565,5,0,1,65.054,0,2023,1,4,31,27
0,16,1,2,290.40000000000003,324.42,28.313,25,3,0,26.950000000000003,1,2023,10,0,331,309
4,15,3,3,384.0,338.29,38.479,15,0,0,36.652,3,2023,11,2,320,334
1,18,3,0,324.8,119.41,86.33049999999999,15,3,1,87.58200000000001,3,2022,3,5,110,113
3,11,2,0,107.2,54.41,90.58549999999998,20,2,1,83.05000000000001,3,2022,9,3,55,51
2,17,4,3,128.8,78.67,66.148,15,3,1,67.74900000000001,1,2023,4,6,87,73
2,16,0,1,290.40000000000003,313.32,61.087999999999994,10,3,1,59.86200000000001,3,2022,9,6,298,299
2,18,3,2,260.0,305.44,15.019,5,1,0,16.104000000000003,1,2022,11,4,300,291
1,9,2,0,73.60000000000001,82.33,86.91699999999999,15,0,0,77.73700000000001,3,2023,10,1,85,69
2,18,4,1,288.8,259.19,85.04249999999999,15,2,1,78.35300000000001,1,2023,8,3,253,254
2,6,2,0,238.4,140.99,90.74649999999998,20,0,1,92.15800000000002,1,2023,10,1,135,137
0,3,0,0,96.80000000000001,135.47,76.314,15,0,0,75.581,2,2023,10,3,119,121
3,11,2,0,192.0,108.82,68.7355,5,0,1,67.57300000000001,1,2022,3,0,92,104
0,9,3,0,310.40000000000003,30.06,90.20599999999999,15,2,0,87.01,3,2023,8,2,33,26
3,2,4,1,391.20000000000005,170.4,109.01999999999998,15,0,0,106.92000000000002,1,2022,5,5,162,163
2,6,3,0,179.20000000000002,26.25,101.6715,20,2,0,91.784,0,2023,9,6,11,19
4,8,2,1,94.4,56.73,69.1495,25,0,1,61.193000000000005,0,2022,11,4,46,52
4,15,4,0,356.0,330.62,94.8865,5,3,0,94.424,1,2022,5,2,322,327
2,5,4,1,172.0,55.2,38.7895,25,1,1,33.77,2,2023,10,2,40,50
4,4,2,1,203.20000000000002,178.6,80.0285,5,0,1,79.563,0,2023,6,2,169,172
2,14,2,0,84.80000000000001,34.51,53.336999999999996,10,3,1,49.511,2,2022,3,6,20,30
1,12,3,2,299.2,357.2,96.81849999999999,25,2,0,88.396,2,2022,4,5,359,339
2,16,2,0,184.8,88.73,21.8615,10,0,0,23.848000000000003,2,2022,9,2,78,84
2,9,2,1,151.20000000000002,142.3,30.5095,15,3,0,27.225,3,2023,8,1,140,135
2,19,1,1,248.8,50.01,21.574,25,0,0,20.086000000000002,1,2022,5,5,50,45
1,5,3,0,311.20000000000005,380.0,96.11699999999999,10,1,1,91.20100000000001,2,2022,12,0,380,364
0,14,3,2,336.0,396.21,20.458499999999997,25,2,0,19.096,3,2023,8,5,386,379
0,18,1,0,388.0,422.74,66.746,20,3,1,67.21000000000001,1,2023,12,6,416,408
3,2,4,2,262.40000000000003,43.77,59.776999999999994,15,0,0,52.55800000000001,0,2023,7,0,35,39
1,7,1,2,160.8,135.56,22.125999999999998,20,1,1,25.718,1,2022,3,3,139,131
4,19,4,3,134.4,62.93,99.038,20,2,0,93.87400000000001,2,2023,7,3,68,58
1,13,4,2,103.2,6.34,78.982,25,2,1,75.559,1,2023,11,3,13,9
1,0,3,2,238.4,233.94,97.9455,10,1,0,95.46900000000001,1,2023,10,3,227,227
0,5,0,3,157.60000000000002,131.03,77.855,15,0,0,73.98600000000002,0,2022,9,2,120,126
1,10,3,1,312.0,148.63,60.42099999999999,10,1,0,58.377,2,2022,11,4,156,143
3,11,4,2,120.80000000000001,104.73,82.08699999999999,15,3,0,79.21100000000001,1,2023,5,5,95,98
1,5,1,3,128.0,110.03,73.232,20,0,1,67.19900000000001,2,2023,12,6,111,105
0,13,0,1,275.2,46.41,114.66649999999998,5,3,0,107.22800000000001,3,2022,4,4,46,39
4,4,4,1,116.0,76.28,72.8295,25,2,0,66.33,2,2023,6,2,62,72
4,18,4,0,364.8,1.43,106.122,20,1,1,106.55700000000002,2,2022,10,3,1,2
4,7,0,0,214.4,143.09,20.7575,15,0,0,22.495,0,2022,9,4,144,137
4,6,2,1,262.40000000000003,131.2,92.89699999999999,5,3,0,86.44900000000001,1,2023,11,0,127,126
3,19,3,3,320.8,148.36,86.50299999999999,10,2,0,80.74000000000001,0,2022,4,4,133,143
2,15,0,0,212.8,15.36,44.930499999999995,5,3,0,39.017,0,2022,3,0,17,13
0,1,0,1,223.20000000000002,180.08,44.091,10,3,1,44.044000000000004,0,2023,9,1,170,174
2,18,0,0,156.8,103.24,66.79199999999999,5,0,1,59.114000000000004,0,2022,11,1,98,99
3,17,2,1,351.20000000000005,360.91,61.6285,15,3,1,54.879000000000005,2,2023,8,2,347,351
1,14,0,1,314.40000000000003,324.18,100.9815,5,3,1,100.056,3,2023,8,3,322,314
0,19,4,3,231.20000000000002,126.42,100.7975,25,0,0,96.877,3,2023,1,6,113,121
0,10,1,1,332.0,31.5,32.476,15,2,1,30.987000000000005,1,2022,5,6,22,26
3,7,2,1,233.60000000000002,32.2,80.97149999999999,15,1,1,74.50300000000001,0,2023,11,2,16,28
0,4,2,2,354.40000000000003,204.17,56.01649999999999,15,0,1,52.855000000000004,0,2022,10,6,195,199
2,13,1,0,267.2,15.85,104.3855,10,0,1,96.206,2,2022,11,1,21,14
4,18,2,1,252.8,45.86,20.964499999999997,20,2,1,21.230000000000004,2,2023,8,1,33,40
2,3,0,3,186.4,222.21,85.951,10,3,0,84.051,3,2022,9,0,218,207
3,6,2,1,67.2,6.6,18.0665,15,2,1,16.236,3,2023,2,5,8,8
0,19,1,1,106.4,18.17,106.191,5,0,0,101.409,3,2022,8,6,24,12
0,2,1,0,268.8,55.73,104.77649999999998,15,2,0,101.233,3,2023,5,5,64,50
0,4,2,3,356.8,348.06,56.8675,5,3,1,54.769000000000005,3,2022,10,3,332,341
4,0,0,2,190.4,75.41,54.119,5,1,1,55.90200000000001,1,2023,5,3,70,71
0,5,1,2,155.20000000000002,75.05,71.50699999999999,15,2,1,65.68100000000001,2,2023,8,1,58,71
3,1,2,1,383.20000000000005,386.71,104.4545,25,2,0,101.552,0,2022,3,4,389,378
0,17,0,1,290.40000000000003,306.77,59.869,10,1,0,55.319,2,2022,1,6,316,295
1,18,2,3,128.0,52.75,107.29499999999999,20,1,1,97.41600000000001,3,2022,11,5,51,48
2,14,1,3,353.6,48.64,69.04599999999999,25,3,1,67.507,3,2022,10,0,31,43
3,3,4,3,79.2,100.87,69.29899999999999,20,2,0,70.27900000000001,0,2022,6,3,97,84
0,10,1,1,229.60000000000002,122.45,31.302999999999997,5,3,1,34.243,0,2022,9,5,106,118
0,6,0,2,387.20000000000005,127.74,39.260999999999996,25,0,0,37.23500000000001,1,2022,11,4,110,123
4,17,1,3,392.8,21.07,80.6265,20,1,0,73.06200000000001,3,2022,2,6,4,16
4,6,0,0,137.6,146.5,83.78899999999999,10,3,0,78.793,3,2022,6,4,134,133
3,14,4,0,330.40000000000003,119.51,67.10249999999999,5,1,0,63.437000000000005,3,2022,5,1,122,113
4,6,0,1,92.80000000000001,62.05,112.10199999999999,15,2,1,104.742,2,2023,1,0,56,54
3,16,0,0,107.2,21.9,13.788499999999999,15,2,0,15.004000000000001,2,2022,11,3,27,18
3,19,3,1,318.40000000000003,0.24,70.679,15,1,0,69.861,2,2022,12,1,7,6
0,3,4,1,156.0,4.51,113.78099999999999,15,1,0,107.56900000000002,1,2023,10,6,12,6
1,18,3,2,84.0,4.21,66.999,20,3,0,69.025,3,2022,8,0,12,7
1,18,0,1,388.0,434.49,96.807,5,1,1,87.483,0,2022,1,5,422,417
1,12,2,3,387.20000000000005,87.01,80.8795,10,1,0,78.507,3,2022,11,3,86,82
3,0,2,3,258.40000000000003,215.32,61.157,25,0,1,55.11000000000001,3,2022,6,4,209,211
2,5,3,0,294.40000000000003,312.19,100.2225,10,3,1,93.32400000000001,3,2022,5,5,296,299
0,7,0,0,229.60000000000002,101.49,19.124499999999998,15,0,0,16.852,0,2023,4,0,86,95
3,12,1,3,174.4,75.41,102.47649999999999,25,0,1,93.47800000000001,1,2022,5,3,80,73
0,7,1,3,208.8,84.78,107.6975,10,0,1,106.30400000000002,2,2022,10,6,67,83
0,12,0,1,123.2,49.24,92.966,5,3,1,92.521,2,2022,2,3,30,44
3,12,4,3,60.800000000000004,67.56,38.065,10,2,1,34.848,3,2023,5,3,62,56
4,18,0,1,367.20000000000005,259.4,63.48,15,0,0,59.752,1,2022,11,1,258,256
3,15,4,1,109.60000000000001,123.48,29.842499999999998,20,0,0,27.720000000000002,1,2023,7,0,110,109
3,13,1,3,113.60000000000001,114.56,113.64299999999999,20,2,1,106.00700000000002,1,2023,8,2,96,102
2,14,4,1,379.20000000000005,11.79,31.038499999999996,25,2,0,32.89,3,2022,6,0,0,11
2,3,2,3,168.8,167.19,26.45,25,0,0,25.344,3,2023,11,6,173,158
2,6,0,2,44.0,6.25,75.27899999999998,10,0,1,77.31900000000002,2,2023,5,1,14,9
1,3,4,0,200.0,144.62,51.80749999999999,15,0,0,51.568000000000005,2,2022,10,1,127,139
1,16,1,0,136.0,33.37,61.41,10,1,1,56.078,1,2022,12,4,15,28
3,18,3,1,323.20000000000005,328.51,32.326499999999996,15,3,1,31.801000000000002,2,2023,3,4,316,319
2,4,4,0,138.4,34.59,44.3555,25,2,1,40.315000000000005,3,2022,12,6,23,30
1,8,0,2,247.20000000000002,221.1,95.11649999999999,10,0,1,87.01,2,2022,9,0,216,215
1,10,4,1,162.4,200.14,54.1995,25,0,0,56.386,1,2023,12,1,183,184
0,13,4,1,214.4,198.32,18.342499999999998,20,0,0,12.573,0,2022,12,1,184,193
2,19,3,0,234.4,286.94,55.568,20,2,0,57.475,0,2023,2,5,290,273
1,13,0,2,325.6,54.1,92.1955,25,3,1,90.035,0,2023,5,0,53,50
1,9,1,3,140.8,149.06,29.163999999999998,20,2,1,23.353,3,2022,2,3,155,136
1,13,1,1,302.40000000000003,144.4,109.29599999999999,20,3,0,107.61300000000001,1,2023,10,3,130,138
2,17,0,3,132.0,142.79,53.348499999999994,25,0,0,50.20400000000001,0,2023,6,1,147,129
0,1,0,1,383.20000000000005,336.54,14.9615,25,2,1,9.240000000000002,1,2023,12,6,332,331
0,11,2,0,232.0,165.98,83.7315,20,1,1,82.03800000000001,0,2023,2,1,147,162
1,11,4,2,65.60000000000001,75.37,40.0545,25,2,0,34.727000000000004,1,2023,10,1,69,63
3,1,2,2,165.60000000000002,49.14,114.13749999999999,5,2,0,105.57800000000002,1,2023,10,2,51,42
1,6,0,0,84.0,109.65,22.125999999999998,15,1,0,20.559000000000005,3,2023,11,2,95,95
2,6,1,1,281.6,234.31,114.45949999999999,5,3,0,105.33600000000001,2,2023,8,5,222,228
1,3,3,1,327.20000000000005,8.25,31.372,15,2,1,31.471000000000004,0,2022,1,0,11,9
0,13,3,2,253.60000000000002,191.43,32.579499999999996,5,0,1,25.861000000000004,2,2023,9,6,185,187
3,19,3,1,280.0,269.19,67.321,15,2,0,64.09700000000001,0,2023,11,6,277,261
2,11,2,1,263.2,105.58,75.27899999999998,25,2,1,70.64200000000001,3,2022,4,3,98,101
3,10,4,3,87.2,21.84,31.4755,15,3,0,29.282000000000004,1,2023,5,4,5,18
1,3,2,2,364.8,336.12,50.922,25,0,1,46.574000000000005,0,2023,7,5,331,332
4,5,1,1,100.0,7.77,62.467999999999996,15,1,0,58.641000000000005,1,2022,11,4,6,9
3,12,4,3,167.20000000000002,35.52,112.6655,15,3,1,109.197,3,2022,11,2,28,25
4,4,2,1,393.6,85.65,35.8225,15,1,1,34.463,3,2023,5,3,74,81
3,18,0,2,241.60000000000002,235.94,100.45249999999999,5,2,1,96.72300000000001,0,2022,9,4,243,230
1,14,2,1,325.6,207.5,46.04599999999999,5,3,0,41.150999999999996,0,2023,5,0,196,202
2,7,4,1,40.0,16.37,35.155499999999996,5,2,0,36.036,0,2023,10,5,1,13
2,4,3,2,93.60000000000001,89.34,92.3565,25,3,1,86.757,0,2022,5,2,95,82
1,3,3,0,321.6,72.95,77.441,25,3,1,72.67699999999999,3,2022,6,0,75,68
0,17,2,0,117.60000000000001,46.93,34.04,20,1,1,28.842000000000002,2,2023,5,2,55,42
1,9,4,2,184.8,96.2,90.252,15,1,0,90.706,1,2022,8,4,101,91
1,9,1,2,280.0,239.11,21.872999999999998,25,0,1,20.691,3,2023,7,0,232,234
0,17,2,3,305.6,118.95,113.344,20,1,0,108.60300000000001,1,2023,7,0,128,111
1,1,1,1,163.20000000000002,3.92,52.083499999999994,10,0,0,48.015,2,2023,1,0,1,6
4,5,1,3,188.8,152.23,82.17899999999999,5,3,0,79.54100000000001,3,2022,12,2,141,148
4,16,2,1,257.6,91.58,21.574,5,2,0,19.129,1,2022,11,2,96,86
1,11,0,1,157.60000000000002,31.97,77.61349999999999,10,3,0,77.099,0,2023,6,3,40,28
3,0,4,2,204.0,214.61,44.57399999999999,5,3,0,42.592,3,2023,3,4,208,201
3,2,0,0,189.60000000000002,189.97,95.1625,5,0,1,94.831,1,2022,10,5,193,180
0,1,0,3,326.40000000000003,284.28,92.7015,5,2,1,85.239,1,2022,8,1,292,280
2,17,0,1,351.20000000000005,279.41,99.82,25,2,0,94.77600000000001,0,2023,1,0,286,274
2,11,3,2,88.80000000000001,23.7,81.60399999999998,25,1,0,81.04800000000002,1,2023,10,5,23,19
2,16,4,3,380.8,351.81,91.8505,5,0,1,87.901,0,2023,1,6,336,348
1,10,4,3,292.8,178.4,101.5795,15,3,1,101.97000000000001,2,2023,10,3,165,171
0,12,1,3,78.4,27.98,66.2285,5,3,0,60.412000000000006,3,2023,2,6,9,24
4,18,1,3,298.40000000000003,297.04,74.6695,20,3,1,67.19900000000001,0,2023,11,4,306,287
3,14,0,1,299.2,88.27,59.15599999999999,10,2,1,58.938,1,2023,1,0,76,83
1,0,3,3,120.80000000000001,93.5,70.955,5,3,1,66.506,1,2023,8,4,91,87
0,19,1,3,217.60000000000002,156.9,57.49999999999999,10,1,1,59.708000000000006,2,2022,5,2,156,152
2,4,0,1,128.8,133.6,46.989,15,3,0,40.128,3,2022,6,6,129,123
0,13,3,3,395.20000000000005,185.69,82.42049999999999,20,3,1,79.93700000000001,1,2022,7,6,194,182
4,5,4,0,384.0,141.86,57.891,20,0,1,57.574000000000005,0,2022,5,6,146,137
4,1,4,3,392.8,422.3,76.33699999999999,15,2,0,76.868,0,2022,1,6,404,408
2,18,2,2,109.60000000000001,68.15,57.04,20,3,1,49.962,2,2023,1,6,75,64
3,12,0,1,264.0,34.15,92.46,25,1,0,90.51900000000002,2,2023,3,1,23,30
4,13,2,3,270.40000000000003,140.74,108.45649999999999,25,3,0,108.77900000000001,1,2023,4,2,149,135
3,4,4,0,392.8,288.54,33.395999999999994,20,3,1,36.454,2,2023,11,1,289,285
4,15,3,1,358.40000000000003,364.13,74.04849999999999,5,1,1,68.86000000000001,1,2022,6,6,365,354
4,15,2,0,99.2,13.01,57.51149999999999,20,3,0,57.69500000000001,1,2023,7,1,23,11
2,10,2,3,188.8,198.25,56.556999999999995,5,3,1,51.832,1,2023,11,1,200,186
4,8,0,2,188.8,18.34,41.330999999999996,20,2,1,34.111000000000004,0,2023,2,3,17,13
2,17,2,2,328.0,298.65,46.827999999999996,20,1,1,49.30200000000001,1,2023,11,3,283,292
